user_id,helpful_vote
AFZUK3MTBIBEDQOPAK3OATUOUKLA,1718
AFJBKPK5W56XWSNPQU2WW66ISWYQ,200
AFDMZ4TRX3HXQQUGWAHJQTIF65BQ,3
AHPFHP43AXWRYZZ4HPNCW7I7J3ZQ,661
AETGCWXC47MSMK6B2TLZ44KCFJZQ,146
AH7P2ZJ7NDT2NNVS7ZEGNEPT2J2Q,9
AFMHO73ZLBHUMB36EHB4GUFLM3SA,23
AFERCDY2EFJKT7QUQ75GISNHTFOQ,166
AFUSWNVA72MMWHGYWJ652SYX2JJQ,690
AFEMVUNGJXKV5HA463WSDY4I2K7Q,115
AGQCFT47KDI77JKRSOMAK34MJPAQ,229
AG3S4FROO422V5KP7DJCBXVUQLJQ,1287
AGTMZCWIWBH43TCW7UKG2YV2EKKA,1021
AHPOHKN4PU4W3V5PGFL7AGTAD2AA,478
AFS5TQHRDNYDFD7ONWOVFWTCGAKQ,85
AF2BLE54TEMGZ546U763ZHZRXC4A,735
AFNL6B7KCS3NN3K5ADRPXO7EINUQ,309
AFJ74T4L5ZMC7PCNN4C567JNFWWA,37
AFGLFLHKZQI35Z7UIJWNUCTFSGXQ,18
AFXMJCVLRCGRAEC7P37FZHEB24UQ,59
AFDNLNTANUGENK62RSTAQALJOWPQ,207
AENE4O4RTVRK6N2VUTSUGTPKS46A,38
AEMSAB6U4VWVVKCJATP3HJNI2DCQ,53
AG3XIAIYKMMG356ZP2UJ4RFQTJJA,15
AGMHWXS6HWO5P76BVBJWFQORNNDQ,26
AETTCQ34XRYAYKLWZZJZVRQM5MSQ,213
AGNSUP65FG6GKSCQJKEH7A4YZLEQ,117
AGTW6ZGPUAORQ7X6CNBP6PJW7OTA,34
AHESP2LHOADAN4JS27W2KQ6BYS4Q,49
AEGYU6OM2X66SMZN6AF3TSQ3N5PQ,641
AHJYOD56GVUHGUW6NV4US7JR6NDA,776
AEDJVPROO4BDZVXAVXWZI5IVCZQQ,2
AGWDYYVVWM3DC3CASUZKXK67G6IA,270
AEBXJRP4COCKP22LPKUDVCQ7JKVQ,30
AEJ4FAZBYK7Z4W3W477GHPLZJM5Q,31
AG3G7OTDDNO3WMAZVZU7CDR3LG3A,3
AF4KRDA6XVQE357OWPILTPXV7TSA,15
AG73BVBKUOH22USSFJA5ZWL7AKXA,538
AHBDCC6PPJ6TDXHQOYIHKDNS3VHQ,24
AH43BJO2KMQSBR6BI3634HXTXNOQ,98
AHG467OARH57WFSWMRP4Y3LYFVFA,44
AE2ODZ4VYQ5FNNCONSHSNZM7PHSQ,375
AHM2YO44HU7UZHLDT46R7V2ZMYFQ,26
AHW7ETGBKGX6DCG2LBAG5YAXU46A,176
AGCIK7B4BXDHQE3FAQ5JMIDJMKDA,233
AE5VPKX64CVOPH6X75C7EQXAIGLA,207
AHXWUCTMVBQXDVMDFPA3NO43QF2Q,63
AE3XHOX3OBSVFXACAPNFMKSUWR5Q,63
AENH6LSB6BM7XLPEYUL43WBOD6JA,626
AGADWSNI4D65TO2LXO2PYRFWGB3A,34
AGSP6LSQK32SQEJO3YVVNACPWMSQ,83
AGUGXIJLHKXL2JQWVQ32CCXDBYFA,106
AHEWWQIHUG36DHGK7JYZXMRDWR5A,55
AFML2HBQNS73BK3APKKAXUOADROQ,5
AGZYNKTWTUPP4ZLJ77LH7TFL6Y5A,335
AEYJ5I5ZNOZT6BT55BB73JNPMIDA,37
AECQQBG6YRYCOJL2NCB2H3V6LD6Q,316
AHPR3DAGWZHHNZW2LBMTXU3PLSLQ,292
AFYAIOONOWUPLSZ7HWH6R4VAAD3Q,8
AH7KGAL4N5MBRFAKADIA2AWA64RQ,23
AHJEF5IKAYNNM2NCWXBZMHA6PPAA,117
AFIJLAW3HIOMRUFSWNH54IJ3XQAA,201
AH3BXW7KLIS2VAE56UXJS2NS7I5A,66
AGPC7CWRQPMNQFXWLYJYQYF7DCQA,8
AEH25TSB32JS7K5FIZQLIEKH4I4A,11
AE4VXIOKBNGRGQRGMS5W25F3LRNA,5
AHN5RT3UIU3ONH7SF4X7NREDVBAA,92
AHVSKOZXKLW3C4UQA3ACRWHBHFBA,239
AELHYMCYVS6T35HA3UH5UGFWTK6Q,104
AG63W2BMC4HRP76AMS36AYY64AHA,2895
AHNM5TRS66Y25IPXQK432ERWCEPA,4174
AGWBKZXJM7FNL3MXA2AQYE2S444A,4
AFQNHDM5U3PICULYQWZWXFP7XHQA,100
AGAVKNCPQC4E4KVNDMKCNG74DLAA,281
AHTRUFJVTG6AL5RR4VSYWPN2L5XA,5
AFC4OOVFE26I6EHZ5DMF5B4KCALA,42
AF2TV3KZUDWFG2SHSNRONH73ZFCA,9
AEY6CJRGQWNHC4XTHNXICWZVGG4A,18
AHHG5GS2XOMFHM5KHGYD3M67D7DQ,39
AG375WAXLZ7PIOQKIQ6KQB4J3JVQ,530
AGF3GTGWVWB7QONIOHQMYOVQFAJA,53
AHSL6SPJ3F6JQU4TG2UFMHVVQCKA,100
AGOTIZH7DO5TBSSAKDOMYQKDMDSA,177
AHLNMKVMOMO7SMAI3TRC3RCMUAMQ,86
AHMQMHWFRXQKVG5DYNCNJICXVWKQ,11
AHZIHNW6OOJ4YJJN4WVC46M36BIQ,386
AE4SX2IMZGVQSS5SFWP6NEE2HQ4Q,693
AE6U2ZCGCBRDU3TT3PVH44ITRLOA,52
AH2BYBF2DDGCFAVDEKWG4IWURFRQ,64
AF6M3EZ5KMDTHOQDNDGMSK4APZXA,8
AFGI5XVA5EBVOE2EOS42KHQSULXA,187
AHM2XKCUWJ4GZQNGDGNEVEN7FJYQ,315
AGXFIFO4VWNHPAX3VJPRQ2QJSCSQ,217
AHCS6L3UP2XEQHG6VMFHHLIK73GQ,37
AHOAVXAXETQJZ6CMJLVZHPEYG43Q,5
AHKGNYI5QQ74HKCJGKVIMXST63IQ,41
AGN255MSZ2LACDTTUMEWE47ZR7MQ,3
AGT6Q3LMIRVEMGJC7GFPZ7A7TQQQ,0
AEMDRVDPKSGPZ4VYULWYXICKEUVQ,2
AE6543BDEBMDZILJ4VLHBZNNL2NA,26
AF5NDDZ6BXWH4NJN6DX4EL546BYA,10
AEHSOX3KWAWCFS5Y27H6ZLZFBC3Q,21
AHJ3S3V3XBCJZFF7EE4RALKBJPPQ,102
AFRGSROI7T5UAGPS3UJDGCTK4HDQ,128
AHPAXGZTH4KAGQHOWQ4SGU4BN23Q,174
AFU3RKRGB4F23XUKA4P43AEHVSTA,1
AENQC6O3X4BUEQWSDTBUN2VMM5VQ,1334
AGXX7ZWLBXK6WF4SCAF3AG4MWJMQ,9
AENRTRDOJ6UKU5FB2EJ3D33BRIMQ,3
AH5KNRSD6RKBCN4F7WT6TPIYEUGA,70
AEEL5LKRPXOMMIGHNCSQACPDF7YA,5
AENTF5QFX47PUUNROPFG2VZPY4JA,136
AEN7WS2WNPXJYR66XONJALH665PQ,26
AH5RKO5JF332LQMJY2PQXMNHGXYQ,564
AEPXQJ7UVH537LYAKR4ABCUXOJLA,5
AHYBV4R4T7X32NOL26NDTG4KYITA,68
AHIRWKIA4JWTMPDXNI6ZTUCUQ5NA,9
AGKQTHFU7G33JZRFS7W2AXYBA2MQ,11
AE6EXISPRU2U7C63G23IKSIKTTNQ,39
AFCCXYXHOCXI33E2W42IG4IZVCCA,52
AHSLRVYVCA7H5OKMHGBIWIAZPQDA,31
AE2DZPOX2DSSR6MF6MXFOKTTNEMA,4
AEO3UFEOS3ELXMXWPA5CJ34VQ7TQ,13
AF7UUOEIY6ZART4P6WQGG7XU2SSQ,123
AHVFOMUHI6ABFZO6AAF7C5NY47QA,6
AFOZCGDB3KWOONULCR63K5IWG26Q,23
AFHABXJXUQOULAICXY5OULBHXLOQ,7
AFCWL7J5R6VS4GBYURIXIU23XX4A,31
AHTKZDHQ65BYIZ3ZZEAXUKUGOLRA,4
AFJRCPBHB6FFKJBDTB4L4DXG2X3A,14
AEYENHW5MBPK2WSDQSMGEEXLVYUA,8
AH4MAJJEO42FXM2RVX7UETMZ7JLA,131
AGY6SXFQIP3FMKMKICQEHAGOQCCA,5325
AGCJSPBAYYCL6TXQXOIBRA5MS4RA,7
AE4P2JU3TZNH5PZZUHKF6J6CIM4A,443
AFE54MELB5IGFUYBSOBGJOSOMEPA,1949
AFRZV2X6GAHMEJ34CLDBVNXIMTAQ,21
AGDNPXZHZBXDJ7ELU54GBGOYHP6Q,86
AGDC7I2KTJ2GCOW4IEIUMJCNILHQ,197
AF55BO5CKTFGD3BZQLGEGDC4SYLQ,20
AEJNMJ7NA4XNRSTTEJ52FJFETOZQ,12
AFFDJDE6DNRP4OUQ3SQ2J3BNM3TA,15
AELMGVQANXHWWVB3KQKXHPETGZDQ,12
AHAMHLUWZTVCHUQLQNDZZAAX4KGA,19
AFA2HZAKKWNUGYNOMQT7TTYOKYTA,48
AFGUDLQ3SM4FL2LLFNXQEYURNRDA,4
AGQ4EEVGV4OFCIMP2JU7JCA7JBBA,0
AEJ4TIQL5DM47PWZDITYJEUOL22A,4
AFDJNQN2BZHJNXQIQJZFF3HLGAQQ,16
AFTVDMQULS2NHTO2PLMMBR2BG6XQ,27
AFNJI3DX2BSKCQWKPHXNLIE6RUHQ,41
AFLO7QKN3WVVES5ASJ5PBDHMKZLQ,66
AGP5RJCHPRDZ35TIERPXHVSIDOYQ,47
AHDYP2HLDJBMXV3H23GGDUKOKHGA,15
AGR7CTQV4ETCIWAPZDP42W5V6EQA,105
AHPNDZ62QLYS6OQRQ7UGZ4P36QQA,240
AFAWHRH5SMYTLVJAA4D2ALJHN5HA,12
AEVSHYSHHVPGM6Q344VTVG2SGVMQ,15
AFFBUHYE6RQ66DBGO3KNWVY36PXA,648
AERSWVCSLJECGNIULZ3M3TXA2SAA,69
AH7TTR72LOYUMAGGTYGVXLBDMLVA,5
AFCLO4FPAYAQ4TJ6FPJP54QCVVZQ,5
AFEJT4FVKIQDQUISFCXSNXSEURVA,10
AH6QIUAZUKL3AOTAQDV4Z4MH4Q2Q,31
AGVZF4IY3WXPP6VKGT4VWTP5INUQ,14
AHOVRX4HORZV7LTG4TQNM64FKM3Q,32
AGF7TG2EIMWONOO3WRWONQJVKDNA,58
AEHAVAPGTESKZ2R4JHNZIJTM3SPQ,4
AGM2TZJPZMIQDZGGSA2ULB67ATQA,17
AGMVLAZ2MTEAIVIZZPI32YRJQVFA,13
AEL5YY6XSMWSF642EV6H3BSLVY3A,8
AGJDGUWUGHG5NLH7MR7FLBTMIWEQ,39
AEQVJWEBR2MI7OZHMLC6FFM6AI6A,21
AFP36SFFS7S6CHKC55F3TB6IOOFA,18
AEQYJIM75ATNXL642O7F3P4EMHNQ,216
AFBXYX2CYIQUNQIRBEVJUCRIPDMQ,17
AGIL6A7CSCB3E7GL45N6XH2L6INQ,5
AG55LC5J3AIZKPQSAIV2UMC4IQSQ,13
AHFCA25R7RLECM5WBFYK32CVWXRA,58
AFJVUOKZTH3FQS3UFLEDE3U2ABAA,136
AFEZNHWERJY4X27D7SLNAK7DXCEQ,55
AE7XECVDXRFBVTC4GBDYQ32Y53XQ,11
AFYO6ELRUBJE5POOKE3N55IF5TIQ,4
AEBNDHJJSZXWZRVW63ELWOPXPNOA,181
AGKPE6A7FL676DD2HL474RC5UYBQ,12
AHRGENZ56C7I2OREJ4OGBJMR7EEQ,263
AG243CTZW56WVJZ5CCY42DWX4R6Q,32
AGTMX7DFJLYO4AUMQHKRZUXJUPMQ,10
AGQ5JHX64P7HKUKGJVPR5TEFZHDA,21
AH66VKOND3WMW4J4KJBY72DEWSCA,121
AHDK7DARANJKIA7JLQUVOHGHQV3Q,11
AF2GJZYILOWP22GSS54GIC7MTEDQ,7
AFWAC4NJFZ55V55ESCI65QLDZOSQ,4
AHORWDUASCJWOSOEZPQHAF7I6OFQ,74
AHGXLH4UFZVWKCDNXSO76TY7SHWA,168
AH2TLPOHOO6J7SURKXYQYCVH5XGA,68
AFO4QP3NUOQPPHKK4MKLRBRTH7NQ,5
AFIXACBQY4SNT3RHUY7VDL7OMP3A,25
AGPFRISK76JNBGDU2ENQDK2TLLTQ,1
AGDR5UXGHUY2HYK276OUE7J4T73Q,9
AE2HHCZARXNN3PDMFANR7XK23LIA,87
AHIFUW2UV6QEKWFN4X45VYLCZWAA,604
AEKEDV6LSTN3A36OGSRR7MIFCJIQ,291
AHEUMWR4TGXDWU4UEYBD5D6P6E4A,445
AG4KHOMIQ2OPH3U4DJJOQVC52LSA,11
AGKHDXRSLQI22I6JR6MQN6LQYZCQ,2
AHTVXQAZNFHEY5KC6Y5YGNQ5COPQ,2
AE2UV6XH56H44OZBF3FY3IBS37TA,49
AE33EY3V3KY6COWPUPK4HNHEOQJQ,81
AHI4M6CQWZSTEJGSXCF7KYQXTSDQ,102
AFK7IELTW4MJOZRL37EX2G2E3QMQ,6
AHAMWA6AJD7RPNUGVOHWODNKI32A,5
AEZIE4X2LXRLJFY4TNGGJHDMWRLA,4
AFGDOWXYBXW46W56NEVSOPWFKLWA,132
AEA6SFIENRRUEGIIJ5D3JFDRADEA,7
AG6JIPV3LM3SMQ6SZSNYXQQQIL7Q,34
AFTH7ENH7RZUNPMPUMKHT426WA7A,2
AG3VCYL5BEZ2ZXLYCFZUH7YMHMAA,10
AFO2SXNWPO3ZX5SFC226HLM65YRQ,51
AEQ4BRZQAEE7UKKOPVTM2EQVGV3A,18
AHTAMYQ72SDQBVJ26HB54M6UF5CA,6
AFXXQZP4V6EMO5ES5PKP4BPMQKWA,73
AFXHW2YLDD65PD24UZPLATWAQHEQ,41
AEBGDMORWULPCKAQGGLY254MN7OA,7
AGOIWGIBCPWJRWCAHPWYXYWOW7SA,75
AGI46A4DTFZZIWCK2IFKA4XBPBOA,291
AELCFGLGNM747BKV3E6PQBH5FAWQ,18
AHB42F34LCOKNYE4R5DLPWSYTUXQ,475
AEJQSTOQ6DGX7IQYOEBYQ4755HSQ,31
AG6URUZFUDVFKLM7MXR3GE7HUEOA,39
AHYFIO5UVVMIOONLI65XLW6323FA,120
AGUBCEXOS66GLEN2E2FBTSD77P7A,70
AFEYHZ6ZZCDYHVCZKIEDM2HZTVSA,170
AFDVDCYR3OAPP3RTG3RSXHFJGGGA,133
AFVEVAPYUQJBEEOPBR35WIQNGGTA,65
AEAH5RDMGY7S63DF5ZI4EXTBCFBQ,137
AGMOD6CPJKWFVVFKCIMT5LDJ4PXA,95
AHF7C34PIPFVLHILFJLYNALWI2ZQ,459
AG32INNNA7WKSEMRW4RKUB7YIBTA,106
AHDZO6UBLNKWNLPNJZ6MIOZZU4YQ,15
AEIKVPL77E67IPUZBWBWAI5A3DOA,2
AGWOQ4D5CCMU6Y2OQYQ3ITDEOKSQ,111
AH2OSSSLGXNEFZBCUYANAUUFUNBA,51
AH2FJGV2PAUZTO3FUKRGHUXKRISA,4
AFUNBQOERYGQVY5IZJLTBVM3OJ6Q,2
AEYFDNV7URH7YLD5OHPUBPORHJKA,4
AH7ZHIIHLTW6SQQXSG4EHYYWTAAQ,81
AF2VOI3DGXPEPLTEQMD4JEAWXP3A,75
AFSDKN6XWILO4E23VEH22ODWUODA,4
AFAPY6Q67HMIBQTTW53CM3N47SMQ,234
AHRKVVFJODSUWFVWQJFPKZHNSC7A,10
AGE4MJI4ACCVR2HUDBPA27GVIZFA,17
AFKGXWX4E25QPL32SB5QE6KXE5MQ,0
AF5KVQC7THWPXYVICOES6BMHNZSQ,1
AHPPOU4PMGKL4RKI66IXUO3UOFIQ,27
AE5TBBOSXL5FRZTZJPTYNDXBKYFQ,7
AGZOLBWS5ZPTZHE3MELUICEYIIIQ,4
AGHH7J5XHEE7VURFLODPL43P2BZA,0
AFRVEZ6EJNYZOHC7WT5T4OJP5XCA,107
AEAV4IBJVRZO3NFOUAMASYXJMTDA,29
AENNMXDZSUEUPEWSQU57GNOQD6JQ,63
AHRPCUZIYWXOUPMGLLFSVECSBK7A,2
AHMNA5UK3V66O2V3DZSBJA4FYMOA,7572
AEWMZ2ABLNLPEA25GL7HQRWLRD4A,41
AETNAGCCW3CI4RK65GRJOBX4AQEA,4
AFUZG4S57VOZIENQ5LJHBPEO5T2Q,1156
AF7GXI2UIJR2GEDKWCLNHCYOMFWA,2
AFPPQWRXBMVYSKEOBFWLEIODDZZQ,1
AE4CQXRSGUXWPSONX3OE7DMXILKA,642
AHE6A2KMCMQSOHCMNE7JQHSAHTRQ,109
AEP3UEDMIAMT3KURUPPVH44WE6HQ,467
AH66ZLP5R2D62NUEKGEUCZEICXHA,36
AHBMKQ2TFPSXRIVQEAFUQZ6LJ7LA,35
AHOVBXYRDYDQW64GP74AHAGI7WSA,55
AGON3GV6Q37EUUSTQUWEAZ35D5JA,13
AGSMRI47GPZGKXUE56PK3CIKU7XA,11
AGT4G5BXW4N5UG7MBAVBXPAU2B7A,19
AFDR7Y2646MUTISRK74RWZQNXQBA,7
AGNK6ATYRNYJDUY6CXJ2MNEIDEAA,1012
AG4BPW2QPBKL4PADRKI33PPQTN6A,9
AEFAWD6Z6W6EHSQXSDN7V75LZKQA,115
AEBG56NUB5IP2CU7M3HYV7E2ADSA,6
AE4PHE2UJD3OOEID2KC67PGVZDIQ,112
AEQCMRWBAUWQ2K6U3M23XSUDBJLQ,122
AHKDPVDV5476THANUKNOPMNWLAWA,2
AFILPGEMVIJG6MVDKGIMMULUXH4A,56
AF5MEOLDJYILPFJNL77KQTZN3S2Q,5
AEAFMXFN5Y3QI6WQ6K5NBUCJALEA,1
AGGXXDEOCIUCZ4W5EDTZAEMSBNXQ,17
AF56KB36UURBMQCL6SSYSIA6NMZQ,8
AFPFPEZZ5AGPJRQ6NEECAMTACBIQ,3
AGSVTH7RCAPXZAOSK23A4ZLBIZPA,51
AFLKS523NY36AY6WTAAKFAHYT7BA,29
AFEXROOL6OFIWZNGRHAYYDGMKIXQ,5
AESVLHSG5DE35QEUKDN3GDUL7DDA,3
AHSJHEEZV4EHCQZP2HUNSWAZZYYA,20
AEQCYRIDK2PR7GRFNXDPRONTLAGQ,17
AHQEQ6PSDEW22CSOCCN5KCTI55UQ,0
AE3KIV6ZP3UAXGPZYHBV5VACK6LQ,193
AEHNEOQRMF2DNI5JH5UVG765V7CQ,19
AF6UXJKNCDIFZCL3JPDPIZ3Q5ZEQ,22
AGNI6ZSBE5D5XQA7OWPO6HZF5PVA,57
AGRUZT5FWO6DIJESXG7OWPX7XWVQ,8
AFWT5GLMEP4J25CXM2KXUZYYADNA,20
AGCGJQ43IWVM5WJKGTFF3GIRCXWQ,743
AEE24FRNWQGT5GGFMFSDB7XXVGPA,30
AGIXKMQAYESH3OMWRIZDSFZHJBZA,76
AFIWAZOTF4TVISZ3V4ARYKDURD4Q,10
AEKPLJ745WPQAGQ3GCMPZEB5257Q,8
AFIYR4TWQXGHJYDATBQARIK2AR5A,39
AFUFY4ZETWPJW2K5PH4GSFB4ZXMA,4
AGXMWM7FZPNQJV65P2B5XA3RVUQA,891
AGC6VV46NOUAMQJLQSW4JIARQ7FQ,97
AH54KGN2HIIHIGBMEQ2DMPCB7KFQ,8
AGLKQPK73B6JP4GSZHX2ZCZK7LRA,24
AFF56GSEJLRMBWVUISFOOJ5IZEHQ,55
AETGNAMLE3WV64STHXC7XL4JERWQ,166
AFFE3OQOJAMZ363NK33UJ7HKSLBA,2
AEWTW4OU3RKFNVZTXSRMCHOKRPGA,15
AFSFAFYKIIDU2A7ZBNSXTKTVIJTA,7
AE64KJRO3QOHPHK47RHSD4LDELHQ,29
AGPUSNCDFX7VO55YUDQFNMQEKCPA,49
AGUPCJOOM5ASVXLIVN7PENJPTDPQ,715
AGGPFZDUFMEICMMF73QJCIO7CGLQ,169
AFVV3PU2DXKRDEJ4DO22IMOFX2UQ,679
AHCKTKPOVN5D72LKKWCDKETMIJQA,8
AF7EB75AKATCBD6ISZAAWDG4ZA4A,1
AEKBA2QZJQE25BSJMEAFNXCFP3AQ,159
AGIP6O7PXNT44RJYL3SRVFKXYJ3A,223
AHXOVSNV3GFLYXLMVCCYIDZTK6DA,14
AEF4REQMG4I6Y2JLLKMQE4U2QYXQ,283
AHZA5R2WH53WQD3BSZZG2VLILKDA,2
AHTJEJC47FJGS4BG4ZGE4BQMJWVA,9
AEUKKTGT5H5BBQIDRG5JA2P7GOCA,348
AFYTV2TGHWKAMWVXCCA46CFFILDQ,19
AG3X6JWYZMUQN6N6DWPX2EL6UI7Q,36
AEBJB6KW2UBHRYWYXDLYKPIE5O2Q,690
AEHGCBDKAVKSK5UW6PJQL6JJWG7A,176
AH4SHJWSKXLWHG6G274PI3PRYBUA,6
AHEX4JMNEEJYRGOWTGKFWD2JO4YQ,3
AFVULAE3WDPTR54GZLWBNAG22RMA,529
AETJJVIEMJYDU4ZTYPOJN7WAK56Q,9
AFHSO437WQWYIPSN4BCXBFNEYXUQ,6
AHIKPF2IMZPQYFIP5PRG6P6HFXXA,53
AG5VXDDT7S5TCBANFSWKRCKQ2PMQ,17
AFQIJBZC47SFZ23AVMK2MPHRKM5Q,12
AH2JMZ5U7PN3A7K7ICLR6UV64SNQ,13
AHOEOQYABUMYRRKQA7M6DREDLCDQ,232
AE6VU2732JB62WCGUA3WKJCHEEYQ,27
AF6HBNODXC27WE6BRERWS42VWW6Q,436
AGQGF5WEINOJCD3Q5545ZPUOKSQQ,22
AFLZ3DR2DVQW7BYGPKC7GQ3NRGFQ,176
AHR3YG52HDU3QDNRP2Y2G6YOOKWQ,28
AGEIA46BXSPWAYVYRVOSERJZQGGQ,5
AG6IH7UC7NL74VS2CX2IOUHL63CA,1
AEB5R4AU3242FXZFI6LJWQMYHKXA,1445
AGTQJW6ENDZPAPFGNG5EOFIQDKKQ,43
AGUP2SMMKWBDCOAOSZEULRGMAZZA,1434
AHNG3NRGEDYO7E44QMYDHMBADPBA,22
AFW4XOXE6A2J4FLDS7ONEJZEUAHA,170
AH4BXKBECWRRUZCZNKI6723HHC2A,14
AE3FPWWSO4RPZRFGSLFCLJJTL4MQ,51
AGOIBT77CHAR2KVNT4MG3AYEYSRA,3
AEUI4R7XQVTGKV3M3W4YTKTIYCIQ,1
AGZ2XNR7JSXZNXHRH2ENDSFTUX7Q,2
AHQRIKOCCWIVWGRRMSO4V7O5GDXQ,5
AHUE6Y2H6GEOU62XISJQ7O6WSBGQ,13
AGXBF56G4OGN2KEY5VHPLAIDZJVA,10
AESAFIFOXTM6WCZBLLJ32YTWGTWA,21
AHETCHLDD5QJCGVNP33PMBXICD4A,10
AFRLWZHFYYJPVAVF5CCU5T6WW2GA,3
AENHDJ6SGNJFYUG3BL6BPUYJC5CA,88
AFR2LIUHA6RLTCAJYR5JK5HHFHAA,71
AFIPFQJ5FYBMFA4IOHSJ2ZALS6JQ,16
AFUNX3XDP2NLLW6TB3KNAHCTC4WQ,4
AGCTNUP4YCT4SVXVIBUOSDVWV2JA,4
AEGKPBPYWVYJEQ265IJG3MOVEC6A,8
AFFD3TKJRCYHPK5CGS3M336O7B7Q,3
AHNYEUZD7GRCN3LQ6OA2LYOGIZTA,32
AGRUJDQMLMMUZ3VHAOWVPINY4ZZA,6
AE6DWHHCBBGUMQXPJF4EMWKRKMHQ,1
AESQ5EF2IGIZFNSZR7TL5XD622FQ,6
AFOQ5S53VGN6G7X7LBILONZMTPMA,5
AHL6MYQQDDXM7MU2NUGVWFSSYSYQ,734
AEM4YGLDN24QRL7I23ZSVIT6ZNPQ,14
AEQA2AOOYMPWRFMT6CNPNQ4SNK7A,2
AHY4ZHJIC2OUVESYV3P4IPOCKXBQ,37
AG7JNKSCB7MRWKSCHTFRKLA24VXQ,20
AEZVUXKR7JINGI3OTHRBMUIEXHNQ,2
AF7KCL6AOHTWOWXABCK3ZOJGGRPA,16
AGTVFPRGWSWHKYJN3MRTIGTSR3PA,16
AGPLVLA6NKKKYHD5SG3ESHVMCYIQ,19
AGD5474EZ7LDGYUS6W7FJX4ZJBRA,53
AGXVFXXLYEC6ZTMSYDGF4UZHONZQ,2
AE7JAQDZFIAIPSHR6JKTE7RBPTHQ,55
AGE6OLGFA46RAMKHWCEBQQDHEQOA,87
AEVDG2C7QENNKLXKMB7HUJJ5GLKA,176
AFA4V47ZPPRR46TJTUG25T46TJ6A,21
AGDC2ZIRTXX7FP6ONTS2OXDOVWHA,3
AHK77QDCJUEQX6DLNFN2FPLJ4SXQ,20
AHZM5FFWSHGFTYDH3327UBIVBCZQ,18
AEUKWNTYJZSZX2KWCAC2ZPLBVZAQ,40
AHV56DPHQX7E2GXWVN5ORR4TVDVQ,21
AEP3KNW5XXDRYG73Z4HOQPYMZQOQ,2
AHHCQ73GLM7PYAT35RLMJRFNIEUA,6
AEQDVQBSQGKAFZXI4YOIOOEPWKWA,4
AHWYSJIMUEIUBSBWKASEA5WOSCGA,515
AE7NH7NXEN6KO5XUJRLK4OASHW2Q,20
AEB2KGGJANOW27FHME4SJ3IIFGIA,43
AFYNOQN2OJAPA2YYO5XFD5BH4NAA,3
AG4APLODR5CG5TCC5NVIICMQRHNQ,22
AEL4RCCCIRLR6L4IBVKUQMVWBATA,9
AGWW7UG3TLTPSG4JIXYDIGHUQOKA,99
AEY3LID6MJOIFQTK5RJBU5V2D2PA,16
AGL3YAW5MYLT5ORWAI2UUKZ2Q4NA,105
AG3JJOGV4VW4LV4OR6UB6N7NPLEQ,18
AEXOWERQXU5OCPLNACNFDF2OOI2A,63
AGCJHBRWKCRYU2POM4NAN2G5KXVQ,3
AGFNBDP3MQFVDKL2C4YDWJUWZ7JQ,58
AECUQNTYGADM6XKCDKWEJPDQGNVQ,195
AEULD6UDDD7XSH2HXR2L6TNRHSNQ,174
AH6Z2YQWTP6LAMLX7VN2IXJKNVAQ,573
AEBXJVK4HGB32EJND4US6A3RCJOQ,10
AGHSYMUCCD63UCFLKLSPFSFFTYSA,69
AFJBSKBSEVCOGWKEQBT5QJFY7PLA,15
AHDFJABSY33QGO4XONFFOJO7TJKQ,62
AGIDVWEQISCWRAIATZZBDFPR6JIA,4
AGZTLF7TEJ3LUWDZQNDCJBHJ3VIA,6
AFP635WXWWJDGQW4KCPOSJBN64OQ,255
AEODZWZY4LVVXLIUZ5RMXJHUZEHA,33
AGQILDPVZAUDB4UPNHBB4W2JSTPA,185
AHCOOS4PEYHYLNIZ4NOXDKIGOLCA,301
AGNVHS4AY4B7UMI67FO3WLRTELPQ,261
AGQRRV3PURFW32M33CFUGR4RZDNQ,58
AEHAHXEEGYOWEZJJ6ZAMBSB5YABA,22
AH3CPCS3VODXR76H7ZO464MKRPIA,0
AHQTFQVRSLRILVWD5MZP756VV5NA,4
AHX4EN4XSNWKMCFFSCSALH6ADQTQ,464
AEOECNMSAGYK5BKPILPV7JF6ELMA,5
AGLWLVQWHZ3APFP7FWIM4UIFWINQ,2
AEA72X4JHMGVEN6CUKAWTTG4GHKQ,15
AGPKLRMTHJFAFLBTVJEIURRINCJQ,15
AEC2MJZGFAK2UNNWWV7NGXQWQZHQ,0
AGC6UQL2C5Q2M56F7MMDU2GT75PQ,8
AGTMGTCCD2F45YP7J7TWBUEDFQYA,43
AFK4O55DJEJUH2QEUW4G4K7EI3JQ,5
AGFKKYF5VQS4VQXJBO54Z4GZM22A,3
AER3LBAYAMYTQOUS3CKPHGELM5DQ,3
AFPIVFTKD2B5U365NQ2PSOOZZBFA,341
AFSSEPS2E7M6Z4TEDMHF7FY5AO4Q,105
AEEQNPYD6WPIUGS7ZTY53W6HWCOA,8
AGBRIJPTAF2YS22V2653SWKEVMUA,389
AERSFSNPS5UVNINN5KACIR5Y46SA,78
AELE3R3OR7RTPFZ3OVJHV6QHLNHA,26
AHPH4QMJC5IJKOLHAZX232UNUQQQ,19
AESC2EZNXQSOIRJSZWYRRI2VZCRQ,83
AHSVZZJGFSJNZDZ4HTRDHNR2LXIQ,6
AHPYQMRLEUCO5N3PMHQJGOX6SUJQ,24
AHTB5CKO4MLRDSVGCUDRNJ2B62EQ,91
AF3YEJ63COKWZNJHQ2JQP5B6AQ3A,371
AGIXFNLQKHNY5FY3UT3WO3ME3KOA,3
AECLYDLURS2HJW3ZWWOIFABWJRGA,388
AHBLH67EE2QDH34EJI642YUJ5J3Q,14
AEPLHCEMDY74XNN6GUSZWQ74YQEA,3883
AE722HZX7DI4HOQGWWD42S33BQ2A,22
AEZIHPOKDE77G27VSJL3WA4EYPKQ,71
AH3KEDBPWJGL24RNC6VTJOJGYXSA,389
AG7WXYJR3N3IOL7NX6QUZJUPBVDA,50
AFGSM2IFWCMZCPCORIQEO7SGXIRQ,382
AEQGDUE357KKNZMCYLJYSLJ2T4EQ,57
AEUUQBALSK3WO6KONXJZPD7U5DDQ,0
AF5AREMOSTY3NMDEPJHDAWOOI4OA,71
AFQMRO5GEMPMNTFUYHEXEW4WPKJA,8
AHTHCWRQ5ORZ5XVPRHSDCXVRPN2Q,104
AEXXLUPKAUXOW3H2CAYAJ2HUTZ7A,1
AGTH5AOO7WI73CRS32XT4H77E5KQ,12
AHZZE5FFZHW7Z7MNQPW3BWZSBQ2A,0
AFTLVWXFMN4BHDCGLTH7WC3ZKU5A,133
AHYD4FIXUZOMTDOLRNIMWCCIHPEQ,2
AGAUTKDYKY3K6QTZWY2ZPM7WRZUA,77
AGZDAMSAQZR2P72DFYPSYHFPENAA,6
AESG76WBOKF3PFLRE3HXCP3XV7LQ,3
AFXJJ2NJPDRAFRMAQESQWZHBYAHQ,267
AFZJV257SGNPS3PPMC4X3MNGEC7A,15
AHGSI2US4F7VBNXQ6TYALTCQSZNA,3
AGAMWTMRKG45C6OSJABHIEOG7LWQ,5
AFD56Z3GZG5PDVCWJAWI2DWUE7AA,19
AGC4Q7XOM3CKHX6YY7GENAFLZMQA,135
AFIHBALSHZ2A4PCEGXN57E4FIZFQ,157
AEDVFTOFO3F55B6JP343S6QXO6BQ,37
AGZXRG4NA5QE5CV2KQ5WSEY52TMQ,10
AHVPOWCBL3LM2OJ24KWF4YOW346A,7
AEF76UBFGLAR5L4VHRXG53CB34CQ,37
AHGVXRPV5KHJKPCT22CGDJN6H3IQ,70
AGSKCMIFTHNU7X6JFXSKWBKL5J2Q,185
AFQDDYZ3X7FYQISAHMY2WH47AXPQ,29
AETUWKIOSBWV627BFBKZ7KWXPSOQ,0
AFW753BRUEKQCC5XXCS7K56BPSMA,3
AFF6THUFEL4YFPNNWVH3PT5WKH4A,30
AHGI2IUV7HPYW4SUXY7EJAKBS7RQ,9
AERPVCV5ISJCK6G67C6J4J2EACUQ,95
AF4NQ7EYGJJBP3CHWRX3TQBHY63Q,6
AFTXQVYIRQZ6URS6NIULSWEMTJKQ,2
AFIPXXED53WFVMBVZWUJYSIRMGSA,88
AG3BDYXFJ2ZG33EECVPBPG25BVLQ,14
AH4QUMEEGQFLOAKC5FOZ5G64PJNA,15
AH7M54AQWATCE2JECGMXOI6LREWA,107
AE45JD5QTQ5VRXCJ6M4CM5TIPOPQ,96
AGV3USNJ6LRPBJJCRRVMT2RZX4NA,17
AHDMMCVCC42JSOGZLKMXWVYRZHWQ,38
AHHQTDUO43ZFEMS6WDVPBERPSSYA,18
AHBHKMKIKGGYFTNP7QDIF3G6XGQA,463
AFMG74ZXHJ2XIJW5OUELTC5KRPKA,170
AEV2VVEPLEDQQGXLD7Q5Z4D5UGHQ,6
AHFEZXEYSR4CWEGHT6QQBGN54LRA,21
AGIIEODMD4BVJZMBKS6KFH2ZRIDQ,318
AENLJ7VZLXF2WL743DJ4ZLUFGKLA,2
AHNF6JCXGGOPJYXVLKNTWH5H3P5Q,2
AHCOWWTPF6RYRR4EKDZK2FTC455Q,3
AEJBHPLPG2UEQCMZDFXXOQZLOKOQ,101
AFS6OUZXCJKCUCPNNXLAO74SBH3Q,4
AENZQVMLMVH6KV22ZGRHD73426IA,189
AEVM6KZBZXMKDMNTWVJM5XRISJXA,2
AFB6W5CR65VS2CBHZ7DMVW2GFMZA,84
AFGKBRHGAOGVZGJTKUPVTH722TZA,9
AGIHYQLNQ7WATXYW7JFTB33YGDOA,11
AHBARYNZSQWFSFK6XPCOXZDP24VQ,3
AG3YSGTHAD3XS22MCYKNMVKVIKGA,1984
AHBGFPNFLERE6XQWIRGXUI2AKCPA,54
AGU6SDEIMLBQZII2FVFJ6YIUZRKQ,22
AGNYV67CCBIENMKAT5RB4ZPKHVPA,21
AEEGFVG73GEKFPQMUYD5II3HT2MA,10
AEO3NJQ4IVAODM2NMYJ2CQA4RRSQ,45
AFVNQC75FMZOAUTJEU35BWKOL3JQ,28
AFCFZYEWLI6X5DSF7QFJAD7X5Z6Q,7
AEX4VXVQMXB3LCSWLFKPCG7OQCDA,17
AH7NMVEWJBMYFKU75FCMDPOSVOKA,19
AGTBF6ROSS2JXRARUBZECPU53DKA,5
AGQD2AU3YT44H6UENUA4IZYFSXWQ,6
AHXC2YIBAT4MPUMQNNH3TYOXVEWA,7
AHQDI245ZBU5SYARQMRSIZ57T5DQ,41
AEK7GFPC4MAAEJSIVO4F3NIGBWGQ,52
AHEGIJHAP64AVG3UQIOSBKPVAJUA,9
AHVVGM4OI64UNJOH2PRMYXYDFC5Q,4
AFAFFUCNW4HC4LN25W6SCRMW4TWA,34
AGZJVLXJ5XW6TDPRQBWHZVNDHAJA,136
AHFZH4JCTRS6353ZEODHPEZD37UA,279
AH6RQJ4WEU4OVFUFZNCQYLKRJ22Q,141
AFX5AVCHLEZDTNY4GHW57K4MDC2A,616
AE75IFTPLJUB67FFDOBFQ53ITOOQ,16
AE3MR2EVAQWHB7PZCHM2NMMVQBAQ,141
AG5T5XEAIV7EAEDWCMZGOVLSXY7A,43
AFZHMJKTSSBKEF434GG2DG7NSH7A,74
AFX36TKXSVCS5F54T7ZSJTT3DFJA,2
AGGWHBA7TE3U7VBFFDXTI3HZ7XUA,20
AFXTYDWSBATLV4VNQ2OTIXSWU52A,13
AG4HKH5RBJ3SBEGR72Z2D2XLGUGQ,14
AHD2737H32DKT4XWJ6CR57O37YAA,84
AFCWPO23NJUDE2XHXFB6MFNJOB6A,91
AFXBUVE2ZRKSZGE5G2T5HTWUSD5A,33
AE7KSGKJOMLBGJ7EON7MZONQ66LA,15
AFFVXC7UFK2XBM3IUQICBSCN3XUQ,3
AFQ7XUI5G6YUHV3GZF7RTX6EG2YQ,456
AHAFUKKT4Z5B5LMCG6SQTBUQYZHQ,54
AEYFZTNUUA3ND7DXWRB5AOHNIZQQ,17
AEPI3EAL2I6IWZBRLT2D3TSLZWNA,2
AE3ORZRCEZPHFNQV5AT27AZXRCBA,790
AHMAVEDKGBNRQWWCVQYQLDQIUR5A,595
AF2PPSBAI2BQZR66C2U7FS2DMIFA,49
AF3CXF2Y6U3XWQVYKLTRN7ZS6YMA,22
AGGANHPCBJOT4ZDII3G2VN7ILCDA,5
AEW74SYLEJPWQWIUYDREKUAT3A7A,37
AGYPRH2MBLCZMUGIGYZAQNO3A4TA,115
AFBKBWXSHQMW65V4VQMTLARY5G5A,160
AHXYPSONWX32DUWB45U7Q75BSIDQ,2
AELAQTEQB2SJ2HJYECGU4AEPSEBQ,261
AFMZ3FUS5DLIEFYTER6XCLO5FW7A,111
AGNROE5XAYNFPJVQJQYOW7EMI5OQ,15
AHFV22HMHOKTWK33MMWICPE4GH7A,18
AE7UHU65ZWU7K2LKA6PNUTUIYVRA,2
AHTNFRGOGE2IUFHQVMMAP3U7GLYQ,31
AEFB4M5IEK7BETSEFW5CHNLZWGLA,5
AEQ2P7WFOZXT2WM3WSFJPDWLXQAQ,192
AGFDUH6ELFIEPL32ILGKQJA2CW5A,116
AFFEKBSNGT2UIVAUHGFZF22TXHGQ,1
AG2SBYDN2IOPJTBCRA74ZFSIYPTA,35
AGAUNV3W5P33DEOOENKMDCWZYEQQ,23
AHVGCQTGKZX5DZPCZT3D6SBEPAAA,0
AGQYBMX6HWKFYHR2S6KDIJG2NECQ,15
AFFAWLVC25BBHAW4KHTYB55JH2SQ,37
AFIPWHUJNZEQMNNI24XUGBCDJK7A,23
AERRNNSTNLD2DWPGNLUXDGGSX5ZA,3
AHRWV7WU6LQRY3LE7CR34MI6LZVQ,156
AGNMYO3BQL4OJAY7XUEVO5NJ4CZQ,12
AGOC2QLQCKSAAH65YNWYBUQRAYCA,5
AFQXIFRHFIR25YSAI6DEK7CNQM5Q,4
AG6ZIVF352I2ZVIC4DIJATXPIUYA,20
AHTRL5HUCSRUGJFH6YKERFYJFYOQ,85
AFN7NRSSCCUOITWQTGYMVMPFW5VA,845
AGKKGFBWDJFYN3UUSJ62XCI42QVQ,356
AE6XPLLQOIBI4PISXZ6PROPPCQOA,4
AHMX6LINPUBOXWD3NDEGDIEYRGIQ,31
AGFHJLACJ3OJHTRZHE36WT4JOTIQ,11
AFHEARSJVGYP3ARE4DC5KR63FCUA,56
AFNRPUL4KDC6UQQTL4EZZ5W6EUIA,4
AGQVKNVWAWPO2DGOMA3I7ZKTPZQA,33
AFLELDUENEKJUF5BMX2YPXWELS2Q,289
AFIZ4EZU4OZPGXA6PVAWFQTBSHRQ,1
AF5VP55HNJ6PLWMGPOM7RNRN4D6A,4
AHKU45H2FGFYWFXVZ2DOBZSWQYFQ,1
AE4M3X36Y62MXWQYR3P7YWYA2R7A,2
AFIQDNWL5N3DF5VOKG2JAQIDABBQ,154
AFHCRWUO3OUVVLQSJU3NY7QZAXIQ,511
AE3VOO2JXXESRVH36UO2BZQM42TA,9
AH3JXYBCDF3YJ7CN2UZZIH3ZAJ7A,886
AFDG5VVJVL7GL4ZZW4IMS3AXV7XA,38
AGLJLRONDMZDG7TJ6NJWTFYRDKSQ,10
AEL6B3SNKBL7LAGGGQ7E3FQZHGTA,18
AHQSOZB3PBOOCHTDN3IRCKU3RUCQ,17
AFBH6LLA2DKJHVTZLBTFFEPF6QSQ,12
AEHQILYLFLHZ2OONHOQCIHHYL2QA,1271
AFDICM7RPAJI22FXWLSSPDMVMLMQ,63
AGPCZLEUAL7UPWLMVNU5SUVJH5QA,22
AF5G5FYN3LXSDBB7UKIDXOYWPVUA,15
AGFM6GV2S7W3CGCLAQ5DNU75QU4A,28
AGQ5BLIJHPKHQORUJ7XJNROM7WGA,20
AF3BMEGQMCWMEQD2C4FJOIKI7TIA,46
AGSXQ5JWNYLMWBDVEQEE2YMRV67Q,5
AHL7Q4KOALQ3EMH7E5PB6P7BPQZQ,25
AHQQAPMZGAM7SJHMMFNVLQWW4A4Q,49
AF3AYR6XZLATKXKT3E33GKXGFO6Q,31
AGJA3IZWH75QGRIDVSMP6LXIUTXQ,12
AEOBKKXU6IW77YBLME37MO7TQ4BA,15
AFW5Q4K3UXR6L7RDDBKGL5GVRRWQ,6
AGCU4QF3HDN47AH2GZAWI7TYK7WQ,36
AHZAJYSL7ZS65MB7XTXUWYT2MJ3Q,4
AFZJCZRTRA7LKDXRNHTO6IJSD5NQ,42
AFXWRRXPHKVL7ZBIMTGFZN35KTIQ,30
AHA37V723JDUW3THHWM2V5WTJ7NA,60
AGBSQKDKQSQIYTNC6RDAWYPEUVIA,19
AEJFJDO6UMO3H3PGD24GCPRKN42A,24
AGHS6EDRDXK35Y6F2ZCTQLGYZWIA,195
AGLCKU7M4Z3V4DO6MV43WPMSDKVA,15
AE7JCNB2OXNONRUXIZERSTEPSOXA,199
AEKN3KIKAKR7DDIXKLJDPJEKNB5A,3
AHUYCD2QMC5WGHXDYJN67LUBHMTQ,0
AFKBE4VLE3XEQ5IHUZI2Q5KAKFCQ,1
AGIJ2YHGPKVI4RQGKQRENR7SZMDQ,6
AGYYI5BOZMKNY2AAJQOT7SHTRKHA,8
AFKE3CDJ66BB3ZKZKRXBU6NVM3TA,109
AHH4EGULCYNHVJBM5DUIH7JZKFBQ,10
AE5T5QMJMOA3LORCZCTLLHGX526A,15
AGTOBTZSI4QBBLVICMCMPFBPHCWA,26
AFO6Z7ESX3VZV5MNKVLEOEA4MLDQ,4
AEXE24GZOBPBI6EXNZKFE65OCGGQ,16
AFNVS5SG7J2S4JZNVVEWALQFLR4Q,4
AHG4LTBIBUWGZF4XDAMKXE3BULLQ,5
AHYGFP6Y3PGXZN5FDOGUDOL4K3RA,10
AGP2NX5NSMXICVFQYUJO6HVDZJSQ,3
AFOO5V47FZJ7JV7H7MOZ5HGFCDZQ,37
AFONP3VMLLTKNR2RABJROPAKHWJA,96
AGA7RVSA2CCPJQXLDK5YM2HWKWHQ,9
AGIWHOT7SDMY4L7XQPHCAH2CEZQQ,2
AG4HOBZXV2L774HI5BJ26GTVTJNA,36
AE7AQ2KNKFVJHUEE3SQUFVVNUCZQ,31
AFFJ2CGCGJOQUZ6M2KMAVR2FK6AQ,9
AEJII7ZQIX3B6QYBJCJRF7FBIAYQ,12
AHXS5B5WSWSCBKKTSX6AAYRDASRA,5
AHSGBE6BOIPOX2SLHU3LM6MOCXEA,11
AHNKKU2WSNCXLA22F3HCQRBVWXVA,341
AG4I2SCE6FXTCGURJIKBKXEXCHIA,117
AEVCGQ25OGGP2JT6URO5KB4NCXFQ,8
AE5DWBBEZH3OB77L3XTOZEC237HA,32
AH5TPS43DNDZ5HF5I7NMH2R35C6A,334
AEPVUJWR6OPIJPS4PPLN2ALTQR3Q,21
AGBOZOPDJQCE3GSHW5F4DZ76HDCA,41
AFZ4OAOPHRUGYW6JAL6NFVD57MDA,15
AH2MWYLB6LZ7DXYUK3VCPXKAI75A,4
AHDRJW4KSKXIQVU6GUYGFGRSTTMA,15
AH54YHJGSYN4R2VIQYXVZWUP4GAQ,1
AFETOFHYZU6EF6UDP6RUJ5LLC7MA,18
AE6G3WEBZOL7S4CVJXOQPRBHPXVQ,49
AH6ERILP25EVXOVJR64PP5JCNA4Q,364
AGORCKNXRKQYCUPRXUXRX5YOI2CA,2
AE7VEYX7AX6ZK52MBTMDEMKB7ALQ,54
AGMU3BQSNXWGCJPKXL3GXCQ5JVOA,13
AFWQM56ZT34DPBELBM35DBASTYQQ,2
AHZVJHY57EISUFU2NPB4UABFGEVQ,4
AGUXBNUVWCU6AEEACQVGKRQQAFHA,29
AFHY26265TSVYJRR2HQQVF3SOO4Q,6
AFPARZC52JMPE44HQH7AS33TOHYQ,0
AEEZYUOOG6D6MOPW24CKLOXEFZIA,77
AERIDC2SN5M6AFM7MZ46V4FQYCYQ,144
AFXSROOZOI7ZSDDGKDPJ4J3WC6JA,296
AFCS5OAOC5MMSBN2S7TO4ZYARMNQ,1
AEBDARDMWZFV3SGT2OGB4ESYDT6Q,26
AHJAE6FEPESITDO3E3RF6OPDGWNA,11
AGSIULFM5O5J77K4CMIZNDM7Q2BQ,12
AHFRLQ2EESIAGMVUWBG3463CMX3A,71
AGDULJ3O7D3R4H6Y3NPZ3IWWGIQA,277
AEKPNRBHUBWZECPOSQYMFX6B5N3A,35
AGGBHBMAWZMRP7KNDD432GB52YMQ,98
AEDT5EC7SLKP3WBVF6YQQWFM4OPQ,696
AF5IB2KZQAUBLJJBGM7LMIHKKKYA,18
AHPIGHY6UHWP5MRBT6EH2QWOXJTA,16
AHZJNVVWTOLAEPBUMRAON5QFB35Q,9
AGNVVKM2YNIIMAQNFV3X37HTLNUA,179
AFPFMWKKH2HNQY2MEREZ4EAJM3OA,98
AFAFKB6VOWV5JYAZO77MTFCYOBDQ,19
AEVBZGTE5W7N3I7FX56Q24MGIEHA,35
AEAN7HKPUKINWCBY6EGAT4MYMUIA,5
AHU3CQZBHXT3P6P3GXCCC76Y2K2Q,6
AFVYHP7DSBTML4SCEF7ATMWENGXA,86
AFQSGCTOHFIJRR3TFZ2YGU764W3A,95
AHM26OZIVWFWFFEU6B4AP4OXRCLA,0
AEZWMCU6WOLEN2L3TBMXNVMVDWNQ,7
AF4QEBTOFWYWXORJH5VUELWJVZAQ,322
AHZDRM3HOZLSWFXSQ5P3BFBB5O7Q,251
AFVDDSNS6AYECE2AD6DEKATHTVXQ,40
AHEC6QURIRTA2NFBBKLBAH4ZDPMQ,11
AEMDJHDJXR24NHPFLS2B3LKDD3OQ,428
AH6ZA3BA4277U6PQIJT7MCKZMKYQ,33
AH5RG5BR52TCJJEQV66SNNTELQYQ,43
AHN4URYKUCQ4N4H6ALR2A3W64GIQ,116
AGTIO2WD5NFWNXTFO57MJYCA5KWA,200
AHRDNBPTN4GR4HDPHXTPLGR4EHKQ,5
AH2ENAH2MUCHWBSJHZIP6GGXB4GA,140
AFXXZJVGETF24ZGDKHYHUBYIH47Q,175
AEXOMLEABWUGZNJ7SSFCMERJ6MHA,332
AEV5T3AFMFIUJAT7W2IACLPNXRJA,274
AEWP45FLPDDGIP35KAKNKW6JKJWQ,57
AGLMF432WU3JO7AI54SETI7V2TWQ,26
AEBTBJUJWEM2EF4WZSEWRTRRRCNQ,37
AFZY7Z26V3PO22T6UP6MLXVWBXFA,4
AFQ77GZ7OR5RRVTJZG5QEKDIOVPQ,3
AHY3J6IHNXYPJUBTZCCA6ZWM2MQQ,38
AHDFZ4Z4GRVEQRKYMJI47T4EPZ5A,42
AHVTPXABLBUBOHIQYQ3QQG6WR6LA,3
AFKNTK76EKP6CSU7Q2NBI44JL5EA,9
AHYQNKECUJ7XNEOPQY7BBR3OYYLA,233
AGMAXEWXXNUTIOS5ASX5QJTBC62A,136
AGPLQQKZ3CVEXIGAVAS4EFQCDOEQ,1
AFD2SDNZZCYQ5PMU7LTEGX7ATGFA,28
AFIOHQXSC6D7C7CBLEW6RQF4NH7Q,4
AGARKJKULAZELDFS4P6GU4FUBTMQ,307
AGJYER2JPK5XF6SDAO73XSY7YOLQ,39
AFCLADCZUBF3SLAXB6ZACJO3TGDA,3
AE5CZR2Q77ZIBF3ZVMOSYNRQ4GSA,2
AFHKNEHNXJMPUG2MNS6TYLPZDUNA,251
AEMTDN4XJARV6APGSNXQCNARJHZA,26
AFMLHELGD4WJSACKP7LJ4UJ5AKUA,73
AHZUJCWHXTE6I3THBOQIBQODK77Q,19
AEF4DDHWWPELLCOMJNYMZUOVN5OA,10
AEHEDFYDQJCBL4NAZQNLL77LZKLA,54
AEMQ2LIWGPWQN36MOOPTE6BMBBSQ,4
AGPXGWFH5KECIJMH5H54SXZ6XVPQ,11
AH7YW43GRNF4KXK2MBZQ7SLEM2SA,209
AGVT5E2C6WNOCFYSLOCPAPBJOIKQ,21
AETD4B3NZCZICXNC7LY7UZ5RUWFQ,30
AH7PXQAROWR7NIBEQEOZHEAYCEFQ,33
AHV4NXH6VMYMXAME47GXLPGOTFXQ,46
AGQ4SQNBUAADV22T5NAMELLLOWBA,7
AHCPSIKBHWKL2OYCJ674RCUMTM5Q,0
AHYEJB4Q6Y35ZGP5LEXEU7FI6RGQ,4
AEGBQ3CPM7FOSNNFCW3JI4YU4FUQ,3
AF3TDYWL7K5SP5QCBPPUDK5U3N3Q,13
AEKVTIQMSKQ56WRDUZGR3AG7DR5A,7
AFH4XDPDS65DIY54RQBDS5RBN3NA,12
AE2DLKNDMMDO4S6TZXVNA5RU2A5Q,29
AFFQDO5TWH4E27WKW4YRPNYDHH5A,77
AFPWQRHXK7C7P33D3CLWB6O3U2QA,26
AHIHYEEHFTYXTAG4OSQ5SVUG2GKA,16
AHX2DMAXBLSMMMKLG3RQFFMSIYFQ,8
AFSLMV57UHFM7OFHYCFVI4EM5IAA,15
AFSWMPGRUM67YS6SBIQWLMEKH4GA,3
AHEJYPLN7DMCYRQ2KCWQ5YIY6JDA,64
AGE2IDMP3D4MZF63ODLJJZZKDEYQ,28
AEJMZFH6VYNTOSCMRL6QU4PFOTOA,8
AFZF34UREQTEY4RIMGQ6DT7WSTAA,99
AGHPVTBHGCYYONB3VPEP6B6ZOX5A,6
AGX3WUFZCG4U7GRO4BRWUCCMQ33Q,107
AFZOKI2OHUU7CIDPTMUHNIRBT4OQ,23
AGAN3VWXL6UMM45GV4JJSEIDIXCA,90
AEE2ADYBYSVFNVGF5TS3YCJO67EQ,312
AHDY3CXQIBKZCB47KB2Q7XQTEVAQ,34
AHGKQQNLCFUDTRNBOCF2EQFU6BNA,113
AG7G3NFGN276ABHZTFQ2A5VCIDTA,2
AHSDQPFX7WYSZWNSUV2HLIJ3XWXQ,14
AG32BTM44RL2SIDK5TZOV4UDUNYQ,9
AFK2LSARPZ4JBGZRIRYOLP47QZTA,59
AELDN2YC2T7ZADN5LY6WW37IOQYA,88
AG32TQXMHJ7SQIEIC7NPE4SI6AYQ,0
AF5PQ5FPKJSVZGNFW2KGFGH4EHIQ,96
AE4R5F5SQGSY5IQXCYUXUO7VSBSQ,20
AEVBG3EL6PGWUZLJFXWCWM2TXW2Q,50
AEBMV23TQQKOJBKKF5UUUMBFTXFA,294
AFNW46ESJGZUTPVGEXG7T3V4LG3A,63
AGQRJSQS2FZM44CUVE43JM7JT4AA,4
AGTXE6L4MPUAQWDFQV4QFU5X47NA,1633
AEWPR5RHTJH5AJBD3X2TX3ZPQVFQ,54
AF4ACUWZAT4F37K62OJSPLLIG4XQ,24
AHJFGKZY5ZFT7QV76YTDUG2UPLSQ,144
AHKNZYVK6SKFTGD45HHY6VZFSIIA,34
AEZAWB33IGGB6DL5ZZGQLK4LQ2VQ,287
AHYLOAB2XAHIFMLDWXTCYAG4VVPA,63
AF6JHS5P755LEIPSFNB3YI4APDWQ,3
AHEAK6CU6WISLWACCOTSQZSZYPBA,50
AHBX2NUUH6OFNWMDZSJUBD6Q75UQ,53
AEEATBN5EQ44LM65IAU6S4GSBWHA,1565
AH6M7SEHII53HROIBPVS5SLEEB7A,75
AFLNPHOKEY7GEJ3ZHSJCNBN4M3ZQ,35
AFEPLHWMMPUHJCXBCDWHIDLE2A6Q,43
AHNQDDX4XIZEQM66ZLWWIEBG7JOA,321
AGRWFXDDFW5LFWS3GPEGJR5JYVZQ,36
AEUJSOMSKFVWENGJE6RUOHDRWAIA,24
AEI3AINQKCQ4KDYE7UPRRKTNHUOQ,30
AFOQ7PCDGLQB45W67ZVPGBUBD7ZA,2831
AEJGZC776EF343IWTPV4THQOUSXQ,440
AG7ZDPOCXYHXORY6AT6K6KXD5ZVQ,24
AFAAY32MQYRA56IVSVNSCDLNE62A,658
AECWCMVFBEJ2K2SRDPLTJWCIBUOA,90
AFUO75N4ZDJHM5NZNXYRL65ZBFUA,100
AGDE6MT3P72P7LWPVNX6IBG2UQ5A,177
AGQUMITLC3BHQJP4Z3Z7E6HCW3IQ,18
AHCEGWSCYDNQJSRG65SBB5GOUEVQ,58
AFMQISOZBTUO3CX2MI3A5A5APGKQ,3
AF657FNRZVGH2JQ4S6DIWJXWCYTA,13
AHT7FUSRNTWENIJWHS35VBU6X5CA,9
AEPC4SFRQF5DJ4A5LKJWNTHRJEHA,18
AELSVIFB2U7BZZMYJMDAIDOC2NMA,55
AG5VSKJ4DDYCUZLOZHV4F2V4IPEA,6
AF5VSNTEEL5AERSW7AKTJSJCAVNQ,1
AEEI6FKQ4JEC7QLVFRMD5ZQGSMWQ,6
AEHOFUNZP6VT74RUDDCJ2VVIT56A,37932
AF2MIZX3HPSPBQPHK2KUNF3USH4A,1671
AEPOGF2QMAXO4W3TYP27DCQRITGA,11
AFJIF7IZC6CLPOUD67S4CBH55T4Q,2
AFFK4O7INVUNFZQ4ZGHLBJK6I2AQ,12
AHOA3INZAYI4CEGHMHJKYYKFRIFQ,3
AFFNP3MW4J3JI5KSIVUEDLLVUB5A,1044
AEZX35WCUCOEI6ZODX5LCCU6KCAA,183
AGPYG5JL3SNWMJL4WZ4RUNVV6J3Q,202
AEBHDV2KRYQBQUZIWGZ6MQY22HBA,41
AFCIYAKE7RYKJDCVKJ3H6UBZIQLQ,9
AEZ5DDGEVIF3TGXZYUIKXGR3PWBA,117
AE37V2IPIR5WIAC5UG3OGF2NRUWA,6
AGFPWBVSKRKXSKK7P7CSS5POK7DA,10
AEWEZZSWSAIRPRDNCTGI7YAAZU3A,121
AFBM7YDX5BLSMUIKILGM75ORJRVQ,167
AHNFPF7E6FBFTYANQZE6NQP5GNQA,12
AFXUSKOJTQF7RTJZFIQMEP6YQ2BA,4
AHUABOQH5ZIYOBHJET5IYZMP2QMQ,3
AGA5WAVZW7G3C62A2BYHOJ7WPCLQ,9
AEPV5SHTPLTJ6X67TKYYF2XQSP6Q,18
AH67CQRXGO6EDD75MD3ZB5JYRVEQ,96
AHBTJRINEBCXAUT7SCSRRW6FCEBQ,22
AEYRJ7MT76QCZFRTC6FBIGM5SEGA,394
AETW7OZTCDKCZVBHGGBCJQTTU6KA,39
AGXTFGO7KXIW257RRFLSA3C5VRWA,70
AE2COYIMUYCKGDQTZLB3UBFKT63A,18
AEFPM4RCBBOWTUOKWZNPZPKPLXDA,418
AH7HMSK46K74CMFDDXRJEHNQAENA,786
AEVVQH7VM5NFEL47GIXSMP5KVH4Q,642
AH4P2IPPEHZ7PQXGAQ4IKTCKPRXA,90
AHG34BLPBFJAZLKSZTRSVPBYMNQA,64
AH4BLXMTLUE25JIBL6NBYFQYF5FQ,152
AHMA4CWXQRVQSDHRSHNNEUNO4MOQ,13
AEH27ZVAGEDIKGY6KHT43UPRINTQ,182
AGWNPK55WMPBUDCGPBX4YIAQVFVA,69
AFRXUB7ORPCFLMNT7DTRYEA2RMIA,2
AE5TRK7UTQBQH76AXB5NPODUSTZQ,87
AEVOWXMQPSKDK6ZYPCQ47BBPFSMA,2
AHYL44XY7Q3BSEF34PYB3WO7FPQA,2
AFXFPOHRSFRESZJHQ4IFGJ7ZJ36Q,2
AGH6ZXT2HCFRFBD7XYJ3H5S7MH2Q,16
AEOAD6UITJKCBYFZQB7WT57PZUKQ,98
AFW5PDJLKG6HRUTGPZE3CZQLGI5A,7
AENOV7PVFKAMLSU624FFLLB3EHAQ,1254
AHDMOF2RWXABEDPEXJIR4K27QUNA,7
AGAERVLUWVYAF7BOGBYQVQMBKAFQ,60
AFO4GEDSQZOOKSFSQN3Y4ZSPW2JQ,16
AECGTCH6VL3VVEXTEFX73ZOMCDXA,4
AGHCGB2S4VP4T46UO3T5I54VHHJA,2
AGNYL5KDLI6LZRSODOJY7FYQF3DA,5
AFGLAY6ZBTXOTOFH24WTOVJC4P4Q,7
AENI7OCA44OPD5AYJKLT4GGVJ42Q,52
AHFYVQ5QRTI57IPEBDURHWBF252Q,38
AHEWK6COXXHRYQRL75K5DF6LRY4A,150
AE3W2NA6L3T3O27AAJYCGPSMVEIQ,3
AER6ESCDT46XXWVWCTPHLIP7PHNA,32
AEOCJRILWZDUW7HO7RLRL3MXI5GQ,27
AESKWLOL63RBSTH4KPZI4UQK3DLQ,13
AEVT2WJBEDO66I5XSVJ66EUNBHQA,10
AF65LW2PC7JGMUOAHO4KORPG7LZA,150
AE4XVKKIXLHIS7SXHUT5V76QFTTA,7
AHIMESFECDAL5KQLOV7JWBT5L5WQ,22
AE2DCY6GSQZGPTXKMW6TTSQ3632Q,76
AFB7P3KAV6OMBOJHHZKGY4676AIA,86
AEJVWWQ4ZGC37N5U5NP65QV3EU2Q,24
AF6WGLVXKUVIDBOAJUVGFNRKRIJA,0
AGTHU7GUO6M47FZLVGW3QW4NOZJA,5
AGIXTQQRXNAG53OKPLKJJQW2FBNQ,3
AGPQGTVPKMJIPYKJMXTRIM3BWBOA,10
AFL2ZDLKD6WRY5AG35RAWWKQTJFA,6045
AFBU3T6X7IY3NQXWWMZUKAZJ7WGA,93
AHYXVYWDTTCEOTSQWCQIATTHZLMQ,720
AER2B3RSPERXDNTPU2N6AJXGB7SA,246
AGLFQMONMYD3G2SEPTEGV6GKU7JQ,10
AGINPPAUE32ZIGH2HQHQ7WZFPQAA,0
AHP6LX4HXJ2VP7LD2PEXAT64XVMQ,156
AGCXZ3R3SJPDVZHB57V7QZ6Z5YKA,187
AHZ5COSZ5LUC7OIE73UXOLSDASQA,11
AGNZBGLZC2V6MH4TO7CFKPRSG5PQ,5
AHNX76JFSGNWW467PZAGFIAWLYHQ,75
AGD2YZCIBQMS4XO7PI2PEV2QY3MQ,26
AGV2PSEPY2GXW3ZYUKAIQQW2RZKA,51
AG5JMMPWNB4MPP454AMU7B5N5SKA,73
AHUMC4I25AZSU2MQ27KZJBY7KDRQ,77
AHYO4D36D3WC5337DZ7JKTELHYQQ,32
AEFUTW7OAJZABDWQ56RZWWLWQW5A,37
AEBDS7KCGIYCIL7ANKFKK6PLEM4Q,3
AEOFJ7PTDAUCHOLHA7F57RM7YG5Q,2416
AHKCG4DIC74P6POPI2MOLN732JKQ,99
AGNHFTKJH6IKXBM2GXU2GMIE7AMA,4
AFPHOZUIUXUI5XLYUS3CBQCGYDFA,1
AHVWVYBKXN2JLKQ4DKRSPINXYGEA,2
AGVHQ3TCSKG2XSBKZGXBHF3YFYEQ,5
AHXMOHY4LQV2E665S3W4JMWNDKHA,110
AGNAU5VRF6TKVKFATJUVFU4I6DNQ,143
AEUWI6UMQU2BPQZ7N5ML2NPJUDCA,289
AEDN5DCIYAQHWXDN6XMVPCRMRNQQ,37
AFHHU72FAYG4GDQFRZDDRP6ZWQIQ,8
AGZLHIQ4EILQTMY2W6QT4P22HZYQ,35
AFIALN32YUFO7GKOQIFXH24IUF5A,7
AHR7ZC2G4VF4MEJMXTZANR23OJ6Q,1016
AHNVVL2V64G2EEF5LOTS2ISPUKZQ,7
AFDQTO27P4LDC55F3RAMET4Z4Y5Q,3
AGDJ6DN64ZYPVY4HKZ7XITEVH2AQ,71
AHZSMWV3VT37YAUMKYRKJUTWDVAQ,917
AHR4L7HCZXPWADE7X44IFWOJCLXA,29
AE3IGW7HVKVSXG6FUJFATQWHCGVQ,12
AFLXDDY2JOYNL2TVFB6MO3BJHAXA,11
AFKROCEYUGLIBSDUJBFQPGGC44GA,67
AHOUI5EM43TBHD6LGKTFXITKXY3A,31
AEO2ECFHS4EQMJOCIMSBDJ35LDRA,21
AEXNGPRSPBA4SVHBCQOW4D5PPSEQ,4
AFTGZWOF43IFN5TDGN5FM43UAZDA,6
AHZQPH7HHSWLUIQFWEQ54NNKKN6A,2
AHSA3HLDJNXQZWOUW6Q6VPEOWWYA,11
AG3RLXOWFSVVNPS7QBNSNLPGLVPA,32
AHEWAVAVX6J5H224T373JIDX5AIQ,73
AGJZGEQ54BFVBBSQ52CMDJDM53LQ,51
AE2NVOOGJRG3E5NJJOKAAANOT6GQ,104
AFUKGSQKUEWORVGVR6NGKYQS6VQA,36
AFIFQYP22XODDVJEG3T5KAQVBTNQ,19
AGJBOGOSGEIUHEFNZLKHO3XO7G7A,34
AGFLRRHT3WQ6R3IASN5L74R2SQYA,21
AEKFMOTQNA6QPSRQMNJ3PURS7BBA,14
AGPOASWID5VUKNCMJBHGLGDIL4BQ,68
AETD7QK4MRROQPFAXIAPK2OUKPZQ,6
AEOXB7B73A7MEYNFTKU7YTDOPCIA,3
AFNFZ2CJO7U4MOJMLLUJD7SUOBUQ,1012
AH5445OVGUT2QDLYK76JYAXQFXYQ,8
AGKYH73OQUNNNMP2FAS5TN77YPYQ,21
AHY643IZP2WOZO5B4QUXB65W5SLQ,5
AFIHXX7KL4X5IJWZSOJNGNQUV3KQ,830
AHF6YSPIS4K77AEFZWBVBECOJQ5Q,13
AHGVRC3FZEF5DBGEJJCLHJGVLQAQ,123
AEJAX2C73XA77S4IVTBC2DOUQ2TA,828
AEUZO3VQ3EZGRKQK44LKSFY6YUPA,28
AFDT3TQPLFUL3TFTPIAYWXVCLHCA,99
AEPY5LBYRC6LPB2S6FPLXZRECUQQ,34
AFAC6MQQO5LX46LMOIV2QWZI5HPQ,56
AE7NHKPH5C76XXFHR6RX2T6BXC7A,14
AHYBU6P3YVDT653LDWD5LVDJW6OA,73
AHDLMLGBRDKH5DCSP5OFUTFKHEVA,9
AGY5LKYOXXJ7UE5SMS2OPWWX3LVA,60
AEMYS5U3SI3HQ5GX3OUFQ25UDSTA,174
AG7WPKSLJKBQALVOBAJDU45Z6N3Q,37
AHUMFUOLBHBNQXZD2RZGLQBLRKRA,25
AG2ZB55TM3B6KAZKHLT4VF26KC7Q,42
AECA3XUEZUHGCQO4I34W656OLGEA,42
AG3UWHS7HRCP5GUOC3UEOIJH5PHA,181
AER4U3RNYYCPUPGVKXYATZ2QD7TA,80
AGROPNVQDF6HCDP77XO7TVXCMMPA,61
AEE3K5WVK6SZZIL36R7AXBD7D23A,15
AGMEL7GYVXLNGRXMWEHLB4ZMLG4A,6
AETO3634BVKZ5TCAGEO674KNLKHA,1227
AF5TR3JLOWKUEQSHFZQK4OIH5E4Q,365
AECD4LH5TWNSFNZQPK7QCGVUVFHA,15
AELSXBTQXSKDI7DU2TQSGXZT6TEA,217
AHQPJOUVBB5NHQFE7HDYK6PQMWDA,438
AGYXJGSICKN4ZUQUICDUELAXCUPA,4
AEXFWPGGDUAKJFKSRNPOWDVIDP5Q,3
AHUTEUQ3HDAMQTVAJ6UHJAEYF5BQ,4
AHD3EAE7YQJ5EG43LFC5Z5TDTZJA,36
AF3G76U4LBUBOLCR376Q2Y5UT62A,16
AEYYWOWJI352UQT56FGOZRDPLZDQ,12
AESZ4AIB4UKLTTSTXCD3QXXKVAGQ,27
AF7Z3F52AB3HLVGBUTPES3FCLR2A,3
AGFWTYFHMXTDU4OUI6ICD6S72QBA,3
AHG7HH535TGRDQF5ZC3UT42WGQKA,11
AEJ4VLXRU6GGN5EUFXUXYTDK4NTA,14
AF4NSNABN7ZYDAJ4C22M2LT3KXZA,12
AGQCIDEXPENBKTMS546R2FPFJZZA,4
AFKG35BBVUZAHQ4AZ6AM36FNUKEQ,12
AHPOGEE3PSHNGEEDVMNXJSXAWURA,142
AHX3IICXG74D7Q4VVDEPXMQUQF6Q,21
AHKDG5YQTXPS4NCNCU6Y2KL6KW3A,38
AGDWKXJN73OGSRNCPWH2G447WBBA,109
AEIGOCGES4GXZAPHHXX5Y6SA4ZTA,41
AEBOY62EIH3QMWVFPSOLNR7UK2PA,838
AG2FMOJLUZWFPEVRT7TH65NUQVUQ,12
AF7426YN2EM5PMRDCOQHAXVZL62Q,2
AHZ4PSEZG7VLAOJPE46Z5C5XBRDA,5
AE32MNWZHOCGLASWQQC4RAKO7V5Q,55
AG3HTGSPYGRBHDNJVEX43RZN75QQ,7
AEDC37LXUOBVH2QGD7B6L6ZNR64A,137
AFVFFMH72M4Z7ZDOUUPQNNKBNLZA,172
AETS3RWVHNGX3GIE3I7NC5ZVJJCA,30
AFOOMWRAM34H5KWBM4YINK3A5NMA,160
AGPXLGFKYI2VUIVC5I3BQ64ZSIXA,50
AG2FIGJL7D7KVVGJGN6KI6K6TC5A,2
AEXCHPJWNKPGBH7D4RGVNJNBODTQ,20
AGLRQK6ZIVQ52X7TIFXLOG7Z64VA,155
AFDJK7FY2DAQECMO2HUY64OM7KOA,24
AGLUCG5UFINM6RV7QGEEXPI4CBDQ,18
AFSP4K4T5WBMQ3ZMDZ46QWLVQVBQ,696
AHYLS7UAPLRYOSQBPAG34RXPPXCQ,148
AH4QT7NGIHUJQ2LHRSJGIAXYLRFA,64
AF6LPFO56ILBOTDYD2ZCFPUMSULA,4
AFX4UVRN5KDHSEMPK3SONBDQ2P3A,3
AFE2GLLA2MXN2QXEMM2HPF567SOA,122
AFVUPUAGVIRFCLTXS2FQCMZHO23A,9
AGXGGU72IX7R6COV66FDWLTQRTWQ,82
AGFPI7XNAM4P4QOEKRKALUJDTTIQ,45
AE6G247MWULSLVDSLPJHRLEE7GYQ,92
AEHD7DPLWN3A5IE2YSDFHVFV7ENQ,16
AFFZMLKOQJN4GWRRDQBAXX6CVXSQ,3
AFU3NVX77RJVEZA4PVPOUTKOTXHA,13
AENPFFAIQ75VTJYM6BCEKB5WWWJQ,85
AHUX5GKEPFXYOVT76WA7EAJC4TFA,1
AHRQSA5B4PGTINMFM6UV6VAH4YAQ,21
AGWIBZSMA7IQWRLDJPFUV4VEIRJQ,5
AH6AVSLLEHHSN6BASUSOHMDFDSYQ,0
AGUUJCS2IF7BERP5GKBI4SH4VQSA,5
AH5ELZEOMIWHECBJ5U7OAFSSDGFA,110
AHFTO2K5P2GFOLTNS5W7ZQW7TXHA,8
AFLFQQ5JD2K4IAVMAYIFC43IT5JA,1
AGF6UYUHMP3GAZFLCSJ774GWR6KA,13
AFH2WQ7WK54AABWMB6Y4SAHIR62Q,2
AEKAVU6DHETWSCDXBY267SEVR7JQ,18
AE5KEHJRHDWQNOLI2U4W6JJOYIFA,17
AEKKJPCVZPMYVLFNRH657RGCYWAA,9
AGBE7MH5JRWDPYQR3FUIG3PQPFAQ,249
AEEWBWH7LSC527NAJYMTASDUDFTQ,90
AH7FWMZ23OE5NMNTRGXLVSWI3MSQ,19
AEM566ZC62MPW3QEFFRISC5W6NXQ,9
AEAQHZTOIH6LHKW7OFS2ZMBM2DQQ,17
AEQXTQLSBJFLPBI34TWU2NVE5YSA,3
AEIFNVRY7VKID2ZGEGXFTHJEMX6A,7
AHP3V5WITFUVZ332NVCBYSYUQZRA,107
AH4IW2XF6UICRP4T5MHXZSUIZ5GQ,32
AHXXPF3WXRSO7E7YLY5WHKK34TBQ,4
AEXNTI6B2RAU4KEAXHXAYKKI23HA,66
AF2G7EO5HZKJWYWZNDU3R2SHYHQQ,0
AGZGAV552WB45LC5336FIBUF33VQ,4
AGRSIP2SFFNTS7ECFDP242MMEGNQ,0
AFTSSDTPHCA4O6GUVHBWMM5EW76A,20
AHDVSWFDTBDUPHVGV4LCZ26KWAQQ,26
AFMM2IJGPLAYBSQMHWCREW7TSNMA,58
AEPGGL26DSDG3TCULNUHQVOVAT2Q,36
AEONFOBPDRMURRIRWWAE76KVSIOQ,12
AF622IQX4VB7LYQIM5TOHAV2B5BQ,16
AFHURYVVEKALCEBFZUDXIUWP6MNA,1
AFUMN3VI5ZJLQ2DDJ2GBRRCH3WKQ,66
AFFMGR7WQBOUWX6JHLVUVGKZNYHQ,2
AG2SN4K3IGAQ4ZRS6LKT6YQUQWHA,171
AHYUFEP365PALK5FEREQ3427TNFA,498
AHPJNCCV5PGRYLDQYKBUZI55WN2Q,23
AECKCTDRRY3R2SUICBUDYELXUBHA,35
AGXKATPFUWPOLZB5D5CNWL3EIL6Q,11
AERIMUQMCVUEN3D5WMGN7JER747A,49
AE5RXFVBVZFVQGATMFGD2E2FMAYA,25
AGELXKUYQSKMGCEL5WGNR4LQW3KQ,13
AEHNEX5Z4RLK4VJ677JEX3M7JUQA,16
AFPLX7ID6DZ3P4LMPMBJE5RY5QRQ,6
AFW6P4RO3CWHVI4WJU4EKNQ63ILQ,51
AFB7FXU5MIHSALJVRWDYKMCWJHVA,105
AGBIU34K3WVKD54NHQ3TNYWV72RQ,5
AEG5BLVLMS3ZFYSHUPHRVAMA2M5Q,7
AHYUFOFTGNEV4TGMQLASS6EA7QAQ,611
AHKTDZDDTGMYBWUYHKEB25HU2LDQ,5
AET4P76BYQY7IGTAJFWHWX2AKNTQ,23
AFYZ4HQXWDYDCOO2WU2RJFTXUI5A,8
AHZ6764R67VOTYVERYCPVZ6S5QLA,76
AEKQ5EZXMPELA6KDKJE7BRPPDICQ,129
AGWV6TT2RUYOC2OKOPU5VNNK6VCA,31
AEKQTF4ORTZ76ICN4VDWBRNQZQ4Q,9
AFTSNLQBX4R6BYTB337XHJIYS4SQ,617
AHWH4MZ2KD5RASDETTSVDK3CYTGA,48
AEOLYKW2D5AE3EYJZJS6KDB6ERSA,36
AFZBMUKVZN5GWSTYAMV3E7IN4V6Q,83
AGVBPGVZC4KYREHCSUB5TVELLRYQ,1
AHDD7BEI5OHEEVAFC5PUOJSE34PQ,6
AFGNRMDYBGLSSD24MST3G2RW2E2A,50
AEUPKIMGXMZOKOVILR5K73XDWLGQ,32
AEO2HDVVRGYHM3FAMOLXXLQDBG5Q,27
AGMREEV2563YGJKBW5MWEYT4AWOA,3
AE2BZZTT53UPTHH4WQIJ5K6STLSQ,8
AFEXIQQ5EQ2UB24VKHZROQVIMPXQ,5
AF3CPGJHLNFKJWASL5HS65TLJ6YQ,4
AHJPRWJT4ZPVYCOP6E3LNTI7TIMQ,55
AG2AX6G7R5RMTSSKP2Y4P6HJ6PJA,0
AFR5LAVFJDKQLPQBZEXYHSIVOVKQ,2
AEAOEDTHXDFQRCJFTCOB7CXZDATQ,16
AFLPLZYHGAASHAYJSEJPYUBJVLPQ,0
AGVGDC2WHTDU4WGOFF2LJ4RTRLAA,9
AEXIDLK3B5QHNVDKS3CVVXGXM52A,663
AHCC7KVWNTI5ID4B4GBASOJNS42A,4
AFSFW7KFOACDFHON3CWNXAKKPKTA,13
AFJFQPCWXY3C7ZKACG7WSL5IF7FQ,30
AGLWS7N22ZBVTZP2XJE2RIRXZSQQ,17
AH7L4BH4XGHZHAA344Z3RK6YIMRA,31
AFNZGU5VJGDEL66242UJJ6L57PUQ,89
AF5PGNQ2NF6QZV5Z2FRWHSGQTEBQ,0
AHT3FLZGHZY365HFA7GKB4CL5IQA,42
AF7CJTWNXO7FSOLJG2ACU2KCCHTA,67
AHK7LBEMWADRVGREBBS6ACHQYFEQ,168
AHNMYS75475BSRQMQTXYQQUITRWA,3
AF53EKBNT5H2CMWJZE6WWBJ7TJOA,645
AF3HRLIHAUX7AXINDLA5665EKN2A,9
AHME45FMVOCYY3FN6YM6NQEURAUQ,12
AGUNY4JT3NXKCFYWAZ7O6SF22MPQ,167
AHM6CJDGT743FIJBQKAHW6KZVS3A,231
AGUCEZAUEPZ7YMGO2TOOKQBDOMWA,5
AFH6753QHQVLZ2IMZ6O6ZYFRI76A,3
AHHCFQYLT56NRJCMMNG67I6IJOXQ,4
AHWLYUVEBNJZD5ZLMXEWYO6M4BTQ,719
AG5W4JF2W6CJNVAIUXUMUH4UXOPQ,12
AFYX2WE76V3LOI2WWHCTPK4DWQGQ,56
AHEXRDJZOAM4REXTJLTA4HW25DCQ,18
AG4FNECAORE65MS3GCX5SZ3OHB5Q,143
AEJ4E2IM6EA557YX6CRBC2QZJOQA,81
AGHLAYBLKOMA7JAM2PKTKEQ7EOMQ,0
AH36AM6EQENP2E62FIW2UVBAPZ6A,45
AGLSWZDJ5X7VJZOV4DJDBGCVTCQQ,20
AG4TYCVD623ZEJAIQPVIXEFJRVFQ,71
AFQTEXUQ6IBFAMIVIUD6KFBGPWJA,79
AG456QFMJPETFUYBAH7VRMWB2XVA,8
AGXI3H7EA6PKKXISDZ2SOUHHTBHA,477
AHBITYD7YYHC4GBTV3TA37X6IKPA,122
AHSEDDVWXPSJ4TLMKZTIB5D4XLZA,6
AEKZ3OFY2YH6QEF27HF6JY3X35FQ,720
AFQSEZRAEF3GMQWS3ENHIQAI7YRA,113
AGZITJREUVYKKLX2TE7U44JAEG6Q,283
AF54E46D5UB7ATY4RUYY7DZIE7QQ,206
AE7B6WCH6F5QG2CKZBRSJFDOT64Q,341
AFVSWUUY2EIM5FVF7LZGCRRKQ2KA,2
AGC3GHDMVDLLS4FNRMSD6ZRXFC7A,5
AEXU47STYWR3WGHB5ADNBIJGCRIA,31
AGXWZM726B2PANMRXY3PW66FG5WA,0
AFGOCTIQ3N7VVS6RJ4GWI6L6NGJA,2
AEOVLSARU3ACD3RI3VRPYST2IZOQ,10
AESM5APUQVZCWURPKIRJDWPIAI4Q,0
AEZGFGD22LTDDXT5PVMR4PJJJKKQ,15
AEIYO4XZCXHN4AI6WG4MHT754V7Q,5
AGT4LYTRKZPAF7OV7H4F6PYBRJCQ,1
AHNVOPCHX7RDNSRD6B2ZDOQIV6TA,308
AHXX4YOBOOTFSGD7YBWJ7JLOQ32Q,3
AGHBATJETF5IXPOKZHBHDCOI7O3A,1
AFXRQHEOMCS5TVOS6WFLWEWYFEQA,1
AH2BTCR76SG7VDTT2V5ZV2346WQA,2
AHC23DBZJ2VVCK6UGCM7NPFP7LQA,2
AFTRNXUEUISQ72BMUP5MC7EOFOZQ,7
AEQOVE4KMUQDLXZJHIG3OFD4B7RQ,51
AFVJLCRP22N6J4GVRD54NWEOMI7Q,483
AHIRNZR35OCJEU4K2TYROGUQAKBA,256
AEXRKKJQBFTO7WUCPUGXUKVHJ4RA,43
AH4I5AFPFLSZ3NHJ6L34AKOGLF3A,6
AF47RH72GMFNYQJSQQWG7Y4SHSGQ,22
AG5UG6BNBDJVEG2RGSJNN62MK2QA,3496
AH5JITQ7KLF6TH4ANX4U7Y75FJRA,700
AGGP5GPGJFQQZVASB5TJPL2LDLMQ,11
AFY2BUBXQY46N37ELAMOKQGUM5JQ,0
AHGRKJQQM3GQDZRIVWKTYEEMTBOQ,138
AFRSY4CXTTXBRLVSHDDQJZRPIIPQ,15
AHVSTRKAXNRALZPRLXRPEVK4EB5A,59
AHNNMTCAR3NUVUB3ZWILD4YCJUTQ,52
AEWHXZIO532D7GB3XK73JQO7V6XA,9
AHOFFJTPTBVTFP4I42NLZGJYNI3Q,103
AFOJ5PYBKPL7PQ4FLGJMFUP4X5BQ,42
AHZXZE7V45C7XASA3VNMTZJ326IA,90
AGV6M7WA22PFDIUUMMOLOFOPL2QA,12
AHOUIQI7ENNXX6BFDKQG3XPREVHA,100
AFO33LHMOCW7OPLLNHWUAO2YP4UQ,14
AFKQWXLQZ32GZHB4A4PFTKDJOIDA,9
AEMZ3LJ63RZCRMYE2D4MM3VKJCFA,6
AFHU5LH5O4CQA6GAZT463HZSFLWQ,71
AGP7CJRNZKI7ZYDFQYBTNAVNOMMQ,177
AFYOTOFJIGWRINRJW4CV5OJCPUYQ,3
AFFB7IAFXEUZDSNA6D5MMUDQHVCA,107
AHSLOLYIV4422AHWPLJRPZNNUPKA,78
AFQMOSSBZEY4VRNKWFTMMURMULSQ,5
AG44LJRWV6IAT66VAOPCNLGSTKOA,2
AELWUS3OQ7HF7KTQKQZEXX3YAHGQ,29
AHUUXJ36IAEZXFBAMJWAV32I7DLA,159
AE3WU2CPNOSQGGFGZ62RISNRYL7A,7
AGWAM7BE2OMLGGPSH5NX224QF5WQ,11
AFSCF6RFBDYMGTDCGT7BZ4Y7G3SA,29
AEURGND3CRTGIKSEHZNJF5KGDW2Q,531
AGENZOUWSCGSDCJBE2BABRX3W7TA,37
AHCXZZ6R4US43PBVXXVN47OTTVHQ,1470
AFC4OEGXGH2JEC5EB6QXWSMKFFKA,27
AHBSOPCGHOWEAIMQNKMK2YI4EQNA,16
AEFXEWSWP2ACUEMOWC7NGW4AYZ3Q,3
AHA2QSYDEGSJ26T5HWI2EFOWQZVQ,18
AG6HRCTAUPKWF7DYRI2BWQYUCBKA,5
AHYITZIVJELWDZYU37JVKPGJ3MOQ,1
AHDQSHJP3XDXXT7S62VOHOWAXWCQ,3
AHZKBLNA5CUUME5XGOSFZM3HAP2A,2
AHYACGM4BE35FTUOHQKAP2WXC2FA,2
AGHGWPBANK5TTBVW3ADTSEQEPLUA,16
AFBHXRE3W2663U5P4HEXIUWVJROQ,471
AF45GKC6WIKHSHSW4NQ4RFPJJJ4Q,7
AHMZJN3AH2S45VUGKBBVCFBFJFZQ,11
AHNULGKFFHB5HMHD5FTZXXAJ7F3A,60
AFILXBR3UWMLFPF2ABKA4GDDB4XA,48
AE6MLJWTMKU3ZXW56HLEAXXQUGSQ,50
AEXM6AVTMPT7XNHROEB4HNB56MWA,56
AHB4UJJZBEZYPEF6GSBLELGIZT7A,26
AH5MYGZVPYY2DVGUJSHIKPFYXQWA,7
AG2N3PLPHDQZ6MOSMWMQBW2U336Q,13
AGUZH3IET2UJ5HQWU5YELKMV7JKQ,24
AEP6VSEK3Y5MHGJCG2RGHM2EHCLA,33
AEVGX6GYPGEZNYLMBIF47MK4XXZQ,1558
AHIXBLY3Y4FUM5F4A6VTL4P7VHAQ,98
AFRJ7WFPLJI2QGWKD2BGXZTQPQSQ,751
AGZKFC5CXGXTI5LJSFXE5AQPHZQQ,3
AF2RAGAUP6ZIP4ESX7BOQNJ73RFA,17
AHIBVSE3IEWDY3MPKUQHOVE7KAKQ,84
AFR35HMIY3HNNTCRCCA64CJQNHQA,6
AGMBUTS64KXYYKM3QCAJDIYBX43Q,4
AGUOF6B4I4VYLGLQDO3IWX4GEC4A,8
AFO4W345XTX4YG5FP37UVMGPUMBQ,623
AHF2PAUS66EMRAU5L44U3HYCBABQ,104
AHKHOSTP7M4SZXPDRPGGLO6ZN67Q,5
AFBXZ7P7OZTPJKEHSTP5X5WLUSBQ,583
AH5M56UWJNMMI3EBKUQPALNQG4ZQ,137
AEQNTXHJEF4VTGNBW7NPRVKXFOHQ,311
AFYDKR7YHZ3SI7UG3ATD35BX7VPA,303
AGZUKTNCOW2SYJ2P25OEG2JQLCWQ,8
AEPEMTGG5WZOMPSEPXVWAIA5RJQA,88
AFLE72IGQIIHZPGOTE5O2GRCVVRA,143
AHKNGTSVVQ7YS46KOGUK4VJW4UTA,24
AEP6MYBIV6UFSSH4YX4VQHY3OLYQ,432
AFVMUGZQ7YD3RQQ7WEB2CAJAP2AA,257
AEMAGAGEOTJAELEGQHWBICFJGVHQ,79
AGHHB3PZWJR4DLQNDT6R3FNDFHSA,7
AGK2CRZOFH62G6BWNGX3MLUXE5CA,9
AH2EQ77GOAWOJBFU2UDRSKVTM5SA,326
AECMCFCPCYIFKCLMROYVQGJGKTMA,3
AEH572GNO6QCHXDYRW3ALIHGIUOQ,34
AGMFC7ODNRJTZGDRP3YOA3FPJKSQ,133
AG3BFQXTSTJHAMDWPRCVQ2YWTQDQ,549
AGNVOLD6JZIQV3HJL35YCS2MY7CQ,2
AENOKU4HH372XPJXWFKLM6USBXVA,385
AGJGVGP2IYBA2G3CVWHZRGMZYEXA,24
AE2F2CM6SEVA3CXV6HRJDPDE33BA,13
AGV4TV7WCQ3G3BK5FVA46CZHNBUQ,18
AGCSMFVHHY36F4V2AEAF5KVTVPCA,215
AFYG56N75A4AQBB5IOUIT36CK7ZQ,2
AHMERZRQZQOUDCF7KE2IIQNBJLQA,77
AEDF6LSTO7L4BWZPQXJSZ3FPMX5A,272
AHPLMIUYVXV5XJV47MB5BNMUMDSA,46
AGTJHMDATLDWZKGTPRCH4VJVYVFA,9
AELYBLR7VIR4X62X2DD6BET3CILA,12
AFFGCLKARKUULTR7HDONAEGQ6L7A,78
AFSIOWKFSAAFEBBXXJRBFAIBSJWQ,20
AEZBPDYHMCAJJ3Y6EM2ACUAOZIEA,167
AFQKRORKH6KTTTQPIDTDQ2ULRKDA,118
AEUQORSJPVIEAZ3UHEKIJKMPNPEQ,7
AE5G6FNB54CXDUPI2NXCFRBGRVMA,17
AGVJSSP5KSWFNWUHDH2YB4HLLTAQ,50
AGJH427CFCSYLXT6RXZDHWPW3XNQ,0
AH7KXFBFWCDY5Q236ZDM6K3YUXQA,161
AHBGRHK27FEH3XAGW6VDRHKFHYGA,10
AHFXY62J4XKESBN4WPTCISUUTNNA,2
AF7AM5FTM47YMAW5MJGNIU4QT4UQ,5
AG2C3CTEG3T7HPEKIZH2OQ54722Q,229
AHURHDHSSDJPZ4FL2X22MO652A5Q,8
AEGFFH5RWY7KQZT3HLOKAMK3JZ5A,24
AFYLY6EN4HVAE4WBVEITW3MXSQLQ,48
AEENSLZS6WAJQE7GRMNHI74TIYYA,2455
AFIA5YDIOGEGNRECRIKC2U72H3SQ,126
AHHZ5PO7BKSU4ZYP5AIZ57NX7TCQ,6
AH6IPUNIUMLCXHKFXDKJFMM6JPDA,103
AGMRJJEY7OS6ULDZY25CTTPIWLQQ,487
AHVQBJYAA6FYPVT2HGVJUU4AVCFA,118
AEB4OJAL6OCZV4I75FTN2UR4BNIQ,162
AGWFZWBSAZFLRJ4CQFRV2O26DDHA,18
AERRIKOGDRHEK7DZEFDVMHFFL32A,28
AEED7H4YQXWGFL6LNBDTNUU7SI7Q,4
AEJLXKSF7III3HR7ADY5TIWBOECQ,2704
AEE7MDDEW5DC57VVNNLTJ6MPB67A,264
AHTKJOMMBZ2KAYQDW4U3USOTX3RA,249
AGVRMTPE6KHAEEMLOFLBD2YYUJRA,85
AFJAVFY3D4AJRAYONS3I6ROHSTKQ,9
AF43ICLBXTCEJQ5VYEXTTRE4PPHA,382
AGQ4GCAMMF2QLK5KT3CIIYCKRWAQ,33
AFW7VJHUE2NOMUYVLQ3WXYFRUDHQ,19
AGJKFK2ZBNQL3KV7UFO5HGT4KVWA,107
AG3HTYXKJA3O5SEBHW4BZZ2NQDNQ,48
AHY2OAZAM7FSGMWGTYUXU7C3OLMQ,63
AHRCC5CKEHASCA6B55G7NZBB4I7A,331
AFWZJ675UKD7X46GBC7P2RCCOM5A,287
AE66RORR3P7HRDRPBZCTMO4VKNGQ,32
AF7QQYH5SW2GZJVNERW7TT33CSFQ,575
AENR2CVDEPKIJEE75W5IFHQCAAJQ,16
AFKFUGMY6GS6SPMRXTM2OJUPYOQQ,23
AFL4IQDMTQJ52RZQPZIUBVOATK5Q,8
AGLGX7DGPF5AUXRUA3OPADMXGPRA,977
AHN6FAM3XTGKFQZO7YAS6JXKEBKA,279
AGI6L7OYYPX6RGZWVWPLI3G4GVVA,4
AGI7DYBUKNF2PNLWEMHSSXXVCZRA,59
AH4WCDJFTCUPPOWQLRZNNTKQBXQQ,311
AGSPNCYW5XA4XC5TRTXGRGTL3T6A,2489
AHIAD2W5N42RA4I2Q36NXZNOKZQQ,34
AG6QH7YW3MFHL2QPH26MICJGX6KA,37
AEMIRKUJOMQDNZLCDLJDOCK7YZKQ,165
AFBLV2DC64DCUOR5M5KMKF44C2RQ,35
AEB6TM3O7N3BPY7AUUGTCAAVNFWQ,10
AEOU5FCCQOGGLLAAQB6QWCTWD6DA,24
AE225P7FIMCUQD3TPAOF5LSGCLYQ,44
AEDX7GFHLLEAOFHSZJY4EK4XON2A,27
AF7XKPL2QSZMHAKXFZIP3RFYEWXA,12
AF2S47AID4GOJ5LGUN3LEBWBZ7SA,65
AE5SYKR3GLZYO75RPJB4T5UV3YXA,28
AEFCIXHEUPXN35ENU3ZROCJTUGIQ,73
AESNJOAEY2R5AX36QSR5YNEQBPAQ,280
AHCK74B3ZRH5EOKFC6R5UO24CDIA,27
AEDHUUNEMGGEOEDESVJKUFAU53YQ,159
AFGWF4YUCUJUML365NI6FRRULWVQ,178
AEV4SAI37FLJ6NK4M55NWKYVMDAQ,321
AE2MVXG6535JPWVNELHKUI3JB4SA,228
AFJCLY6ENRHK5PSEQNXRHSTVNX2Q,711
AH5K4YU2ZW4CG6R47BHCU3ODNKDQ,32
AGR6DJGXDLK7LOOL4C5ZVNHBTQFQ,15
AHU7TMRO6LSNSEBFUS4RPANGBSSQ,89
AF2GAWA6A4LYR6LFUCHZJJE4EUFQ,288
AG3IQU75DRDKH3EO64XNIR5SKSWA,0
AGTVAWBJTKDSDTJVIMFGAGZ7KQDA,19
AFQBDWZKNTMUW3UI3MYSANCZWTDA,6
AGZKJL7RBH2T7DD2WHOR67H7SVBQ,43
AGAK2ZXS6IXPNWWXBW6ACALYWNBA,21
AE2ZEQQC7RKV27WG72FZSWLPDOAA,122
AFVFDXU2MXDRYDHRVMQ7FU6GQWNQ,67
AEJQ4VIMLPGZACJMT2X3S3PB54VQ,425
AFECQVNK2IE6EGKOY4N5AWNS6NYA,596
AEWSN2HK5MWXERTQ6TN6KPABXCMQ,2004
AERMBFTCSYXUIGA2ZLZG7BNPQBVA,53
AFK5QPM5HIWMP2SWK6UVWOI6MTNQ,318
AGXUZJU5N5XTL6N2CFFRX5GXTYLQ,22
AHSQDQ7PRPJOIQT4G4FESXO4IJZQ,2
AGWWDNXO27DIAFU6PYS3BSMMCNHA,3
AH7YWWRCUUZJJLVGMMRGBNZJJKLQ,32
AENMLMXJB6MOE45BQJAOUXHDBADA,337
AGTMWVLX5Y3LRKD5XAZPDP2WCAAQ,69
AFIFMPBBN4RHDHWDFUXBOVDPSMFQ,2
AHEKMKQJIAOWDT4T7SU5OFAG2AUA,44
AGELKIKDPTGAW2I6YXZO4CHUNWDA,83
AGG2LCKJNFM5H6ER5UDSMIUBFHQA,56
AFTQTR4UHPJIWOXWLKS4GHXCA5QA,12
AGSTNWS7DE2E4JRLIXFA5L2WMQIA,4
AGSVRZNYWH236BMKHLS6URCGATUA,22
AEYK3XFBUWXJNDANI7XKJ3VI3PRQ,4
AH7ARYOMQLPNLRK7FVDIPKQWIU3Q,12
AFGAAIQ3V3SM3PJDB27L3PWN5U6Q,55
AFROFO2ZMSXAOESOHSSKVZQSPI5Q,11
AGF5R27JNADLZ3ZBMLXZFAQOIFLQ,1074
AH26BEECHRV2FBP3HBGXUWJXYGZQ,4
AGLCNO7J3BXLEZ7UISO22KDSQ3AA,100
AHCOMVBH6P3YCJKXZPZPFBNALJGQ,131
AFNGOGKTCD4BIONII7W7XS7KSNEA,61
AGD7UGZ55456MBQH3B72NGBSLYNQ,8
AGKPPOWC2ZNC6MFOYZX557W5VDEA,2
AEB6Z2NTX7KVVKQXWHFOOSSWIL5Q,195
AFJ6BNKTPZQXGEOAIOMMCSESJS2A,188
AFOQD35NWUXJFSALOBRPZIV5JARA,63
AGH5EIVO55D2IM3EDBERRIIJEPEQ,307
AEGVLA64XDEQVKPIDGDSD5TE7WSQ,1
AGHNIMSGXGDJIJIZ4ZQ6XF4FUHWA,9
AFEOVPFFYYDLSPWIL5PDJMPEBDFA,21
AHBQRRFXOGQT4KBYPS6HEYHRBW2A,3
AHOJKCS7LFYX55ADCRFPBHWXJSEA,67
AH52F2DJMNXL62WSS64XHSDG4NYA,24
AGTFVONRLZXGWME4JQCI45IUT6KQ,17
AEPNCU3WSQM2TKWGFVECRCF3JAJA,481
AHL3JDCTIHNTQ363HY2IBBLK7DQA,27
AGPRP2FUXZ2XIP3RHQ24QFCG4Y5Q,220
AED3J4AVTNJK3ZT6K7KEZLPTKRHA,11
AFL6DWOASEHEC7MATZFYEPYJ4JAA,18
AFJGI6K6N6OYPP2ZHZSDQ3USMX7A,17
AFCGS2UCP5ULY2GWS6BWETUO63TQ,59
AE7GBBQUAUDA3XWULDRVAIHP5UXA,796
AFE6IJFC35KXDYD3NYLAHAIL35TA,61
AHKO6UJCEVUMJVBSZF2K2E5E5XXA,122
AFIIO55HKWYS4YDOZ45HXFG2CHDA,104
AGNS4YGOYAPULHPG7IQVAZDOJK7A,149
AG3PHWKOBDTNSQGMZMKESC2EGS2Q,1701
AGXPKZNWJ2IB3SR6YIPR2YS7T7CQ,21
AG2BNMDMRXCO33LHC6CIGDDXMS7Q,2
AE2ULMBPJTXUDDNPMGN57WRXNXYA,231
AHIEDI2MZHNP7YTTZR2T22JPEDXA,265
AG4HJC5GCKJNIIYIPRFU43VCRLHA,68
AHVT2YWSIJTMZJTK3OOOA7Z6GGOQ,49
AEANT6CDJH2BOAOODJOUNFJC7Q6A,21
AGZUKJX25ING3657R5MFL7RQCPGA,94
AGY47REJOC5YQJ6LJLMTRWN3W6YQ,22
AGM34IGHVN6SSD6VMI44LGWMAGHA,5
AHZVGRDFTVJ6XVXGOSR4OMS6NCJA,2
AGRM44SNMWVR2VUBJWELEONAQBKQ,2
AFJGIOCDEGIQT4TAI447HQYK4CTA,27
AH2TJ2QWCFCF6SPAT4BFBLVNCLEA,5
AGQDUZAWYDRHO67COGEE2JVK6GCQ,46
AGLFHYL77H3WH6JKTYJK2X62WO4Q,2
AGSDR2MHCYOK7DGRUVY33TCLY6WQ,5
AHZTLFHLBUNEBGNKRUGMVD2C7SYA,62
AGLYZ2YIPOK6RX7YA6FJM6U3YU3A,7
AGJM7ZMHQP4P7MLOCGAS6HF5Z3ZA,1
AENPVPTF7GYBBVY5ZNNL3E4OSF7A,33
AHSKKLF4YDRDWWSEOM6LRASPHB6A,14
AGO66O67WUIQUAZHHMOYTBHIEIYQ,14
AGGDOLTCCVSTIDTXDSSSOFXI5YNA,146
AFL5ITWL5IQYC3MVG4V6TS4GDR4A,2
AG5N4ILBDOQBSH5P3GBDEBAQTJLA,18
AG63ST4ZQVM5EHYGTJ4XQR6NIPPQ,155
AG73LWM6X7M2XB5ATVENQKBPVPOQ,76
AF33GXF56BNTXUZ3WDHH6FUZUCQQ,6
AEP6HZO2OUHEYGMDLZ5OXZ3EIGKA,32
AEM56XWAC2Y5N6CLQD6UT5N7NHZA,48
AFMSAJYXK55HEB3PFREZEWDH25OQ,30
AGZOOWIUD7SRU2JCG6HKI5KNW2YQ,8
AHVMP34UHILFXMXWUOLSM72ACEFA,2
AEU236XPTICUEGGX5OGRFD5XSSYA,98
AHJHWM5KFQ5AE4KUH4VBVHILSMCA,19
AFTP4Z2BQRRUXA3CL6W2BOFWQY2A,38
AG2HOURRCY6MFO226RAQUHH4UWYQ,25
AGODDVRWGAQPWOIVFD4V76XIST3A,65
AHZPSYN32CVB23BGA3RBR6CGO3OA,62
AG4F2RVNUZNI6CBVNLWDPGJND6BA,54
AFUILUN62BASLXNNZPYJ6MAWIJHQ,21
AER7FSMTWDOSS5YBLNJQBLB6OWZA,49
AFA3XP7KV2TIMKNQMZNAPZTA2RSQ,22
AFSP5SRL2OTQ7Y7OBHVFLTEYV52A,31
AHUNAM432MZPC5TKWDGUZQLPRO2Q,12
AG4KW6SDOPLIZ2Q4ZMG7CXYA2XCQ,8
AH7JEMGFBI2GXYAILFZ4SE52QQ6A,16
AEUA2MGWC6AF5NPBYKY4J3KQ4OEA,16
AEGPE5DJBE6FOUJW5P5JKZ5DYLEQ,6
AF6G4L5EUYUAAIDUFMDWUYA6HOWQ,4
AHLUZJX4Z7GPRPIYFMXQBKDFE4NA,7
AEHQH5RSHJVTGZLNY7ZO2WLEGUHQ,651
AE4KUYGH7L7QMIE2BN7XKZLNUKXA,74
AF4GW4KJBW3LAH552SANPYH3GL4A,81
AHYV5OBMMFAHQDZ63FJ2JGIC6OTQ,161
AFOLIN4WBEQKBXBI7TONI72PXJWQ,3
AFDSOJHQ5IMFUD6KY5GT4NHIL4TA,612
AFAEJEPWA26674DZ3CFZMFML67DQ,52
AGUI7GPRV2AYCYXWKFYI722NCKKA,19
AHU7HKLT4TV7NEPR6HKSJSO3KNIQ,13
AF3NDZJIQIM6YQDHNIHYOXV24VHQ,21
AFKQHHMQFHDXYRMA7XQMHQYN75QA,8
AENOKIZZOV4U54T2EDGBMBQKRVZA,78
AHRENW6SUPIBDI67NCCZKUYRHQZQ,106
AGZKIITIRJE5JBTBQCAXEUL56YLQ,7
AHLTCNMJPCKS6K3CV74MGCHQSAZA,5
AFAEI7GWZZXLSZCFLWHC522UOWJQ,4
AFSPPCTCOLCAXOAUMOIUCV46DQSA,30
AFKXDMNLJVRLXXXPCU2GLXHJIZEA,690
AE4SKIDVC7WY3HT6LLXDASBVPL4Q,1918
AFMLPEM5ZNCYJ45CZZ7K7GIR2LIQ,45
AELL6XU6OINO4PPUPUXCPTGD2GWQ,99
AEZKTYLSDWRNJLUWJAKWQBNBLBJA,3
AFMG2IQ5YX55ZCFODFUPLUPVXW2Q,39
AGYHPYV5IZF4RQMLMJ3ZRIRBOH5Q,724
AFWI3KDVSKQBJ6QBLFBMYLGLDJQQ,3
AE2QR67NPVJXDCGOQO5FJE2ZEVWQ,609
AHV35WJ6IJ2HNIPCUWWHONEVOQKA,21
AGKOL2ISXEZE6EIPP5VIINFIHGLQ,529
AEKF7KEGPDFKGJUJ2FWN6CHJUX4Q,5
AGGOEVKI2PDTWHS26UHXD757CCFQ,9
AGSP4AAV6M5HK4DFAWL3CK2VDCUQ,0
AHVLCYZ3QGGQUKVCJWJJ5PC543SQ,11
AGAE3EACLJIMLAJ5DPQMUDMZOXIQ,42
AG6CJYHJHI5WWQJOQTODIOUQWFCA,5
AGZFFEBB6QELOOIMLZASHEAJKZFQ,6
AHNHFDNP3CMMJZ7LEP2R62Q6LZLA,5
AFIRW24DVDOMET74NFMPBXP6PDQQ,15
AFJ6ET4IA6YKJ23CBG7KTM42CX3A,4
AGXCV25HDW4JXI5QQSJTIZUHPRHQ,208
AE5Y3JX3U4MRKU35CDWY7WWZCV2Q,34
AF52ODYKMTIMUAUCV4KYLNNQEGWA,8
AEBJVG4MLM27VGWTAHEAA5BVX7PQ,0
AETQ662T5IP4NC524RTVV6ZWNOBQ,10
AG47TQ7MZ4LQR3DQLVV5AKGGQBWA,18
AFOJM4A6UUHSMMWZG4Y6JWBEZYLA,33
AE2RM4MMMEI72LAIUE65SE6O3HYA,28
AE5NHYE7QHY5NDUJTMYQIUT4GPZQ,514
AE27PRNS4NO7OAROH5Q6H5HKSILQ,75
AHT45YS3VISH4MNKCIXMFOPNID2A,2
AG2UCFGKVF6KUYNETEULULK4YNCQ,26
AFRMLOPMK6QLOADPCASHCB3QEZLA,55
AEMFJF2O2DKS6H5VQPQN72PVEXDQ,6
AGW25EW6XD3R6Y6RTL5BJEFXRHKQ,28
AGW4QALRF4TQPVOI5KWXOL7DTALA,5
AFPDXNMQEYEDFDZBCVMUY36NW3VQ,0
AEYLOZCO3QYF2I3CCC45IOXIDY6Q,53
AE6GJNBV3AMO54KDZBKKUCLCKMJA,27
AFJQXLE3ED5GRPSCUQCDOEGFR5NQ,119
AHGIRXO4XJB3RPHXGXYC3CTZ2CWQ,5
AEA24ZJDOI4X4HF5JA65WWT4K37A,17
AHBPT6CXMXQ6QW544K7WSVL57RQA,13
AFROPLODKC6B35W22E2AMVL7Z6UA,10
AFCEUNXG3DA3OQODX44I4QK267JA,793
AEYARQVV6FGRCQAJLNJDU52HP6FQ,7
AGHWXNWCYSOPTFBXJ5GJDHEBOTDQ,235
AH246HVN5MKGWAB7PMKHSPDREWOA,66
AE4K63AL2EPPRPJ3LNZIAWJ6VKNQ,13
AGPLQ5TB5US6EOSPDI3US2LHZY7Q,66
AE3ULBAXPZTWO6LFB2FDHAFZ7Q3A,6
AFZVCWZB4E4BTUC3D3G3XRUWJP7Q,4
AEPTPWNKKJBZPJUQKRHZWCL2N2RA,106
AERUYRF76BG2DG3IGYHYQQW7QN6A,50
AF3PVF5KQES4KEDDBLQEYLEHE2WA,25
AHMMYLNKYR73FPAQCIV3CFWLJSTQ,3
AHDWN4LOQ5HRNYSEKRMX5VZMNKUQ,24
AHV54M7EUFKU73QFMDETPB3NLWIQ,6
AGNMV22VGKQQTN3DHWVYWUTOAG3A,38
AGE5XEPVRBIMQTKTSZ7QZ4UTGSQA,23
AFI7AJOT2H2RKVTDCPEOHMYOZYGA,3
AFAYAN475MF6YHLM2ISJYDCAFKDQ,31
AGKZWICJSPVA2GBWZZHM2RR5MR4A,2
AES4W5MFVBLPI5QCVLJ6XMJJT5OA,33
AETKIZMRNAODGKRJC4FYCS4SFW6Q,3
AF5C5NIMX4CR2L2U3SJEX4IA4A2A,33
AEQVZDBXS3N3G5JOHKVLHLYEV7UQ,63
AHX3KI4U3F6OIWCDMORWVLGVSRTA,22
AEOLHN5WABHR6RACXTBWQHBV4SCQ,7
AG6AEFFJGN4KZTBZEZQCSFSBA6VA,3
AHP6HDBHZG46BBM5MFGTPZCYI63Q,12
AFVCSB74MYHZ54DE7MCQUDBH3YBQ,2
AE75ZYHPBUDRCHFUKT6LA55LTHQQ,30
AEQA53XHT3VOAUUM3BY2BCDJNFCQ,30
AHYUXONGHFMXG7GI2J6MRQSSZVNQ,11
AHWAZ6E3SXSZUCYCA7KZHQKEVL3Q,79
AEFCDMJQHFAT55HOYNWMM2WCAPUQ,87
AGDLPBBU2P2XJZOYCYEFJQ3OWICQ,5
AEDTZTJAK4O3YNLI2ZYSPM6WXBQQ,1
AHV3QJMVGRLOWVPQXUVGGODEKDLA,571
AGHD4WSCRZ5E2XYL35KFDHNIL2HA,0
AHHMH3FM2RCNXFWZJDC6DFTM6Z7A,196
AF2ZTLP6FZSEP26Y5M2LZ67BMA4Q,95
AGHU5WJY4ZI6HZQEIA552KEMSXDA,3
AFZQPPIHMYXXRRYH55OHD5VG4C6A,4
AHFTV7ENHDLUZTF7WH4VCNSLFQKQ,15
AEOCI2HYSARHO2Z5MMMHR3H5GHTQ,163
AH2HIX3PUYUKU5RWUDJIXFKO23AA,68
AEUTAFLXQBLUTUO6VLBILKHYFLVQ,2
AG3NHQGXOWUKQXDQM7Z4EFG4B5SQ,18
AGA4CC7X456DUE7JQMR5CT2XQVMQ,2
AFXNWQM47L5QTBMZYDOENNE4SH2A,84
AHPAH4MYGKZVXCYLI5FMBCSPQQAQ,1
AF3TAMOYZEDTYYEX4ZB23A6CS7ZA,2
AFHTZXO3S4LA6O5RJKTKNZJC2GHA,722
AE2YTFYIJTQ4BQKEIXEPCN4ZRBVQ,5
AEXKQIMVZFLEWZXHVHHJ6FNTMN7A,4
AEP6P3KJKABIZ2XBA3OQKRHEB3WQ,54
AFDF3PZ4IMDYV2R3ZDIT7SNJ6R3Q,1
AG6RWD6KHKMGGMZ2EXUU2BN3NNCQ,798
AHR2KQP6BZR3NNRFFUDIN73EJWCA,41
AE2ID4NDLGZOEB27GZG7O5QHTF7Q,6
AHRNBPOLLJPHZLTN2D7WPWU5QH3A,893
AFOFR7LIIXXBOC4WZONTO4Q5CQMA,232
AFUIO7ERT674IA4NXLQS7EQOSP5Q,36
AEXLQF5UOZ67MNYCDUWZRBO34S6A,95
AHD2JAQW54J5WZKPUUO7GQ24SPYA,32
AFHGZCSHMZTKKJUQ435C32S2UOPA,17
AGWHFQGF4MP7A5OWODU7H7XLYXEQ,25
AHKFN23HYOT2KXDQLWDJPXFDVDYQ,114
AGFRTIUQIDBMF67LKWHJGFZ6PYOA,15
AELZJGHMKGXQKKNB3BDKEDDU6RKA,2
AFMKKPSZY3PUXAOGNCU5EEMERZZA,6
AG2TW4TSOZQFLV2JNX35TGJTMSEQ,151
AFNKANPQUS5G3ENXFLAJ4CHWQGFQ,3
AGW7TYESIWMO74Y6D3HVFTALX62Q,3
AHZOJVVB4OASQGRB25A52WAJRIRQ,23
AHKGIO2YENQDAP7HOYJKSVR45O7A,30
AHGTH4S7RAXZ32GXGXFHRSQO5F3Q,11
AFKQEPLZHBLDHHQSKMZINDOQI77Q,2
AHURIMI76LASAE3QUL6Q2MICQJQQ,2
AHKAYJ6XV4DYUB4AJLLHJ2AYEVCQ,2
AHF33WULQAHUMEBU26HYOTJ56LJA,4
AGRLHQWJSTEKXMRVAOAMLI34QAMA,160
AGKVRPATQRQBK6VD7PHLEB2HZ6AQ,560
AFXQ6BNJRFGFVZOUZ4PAVRJO26GQ,231
AHLKI4X3RA2HCJEFAO4LANB67SNA,2
AEVMWJDZKNQPWA4XQBLRXSC24VZA,3
AEFC665U5GIWW72IWZKAJ52MI64Q,7
AFZJ7W5DYLIZ3H3PUEOHQLTFS2CQ,267
AFRVXPQMAWFYQYKBED2LJOPIJVXQ,45
AEX2N2344A3JYJYQCUV76SHBGWMQ,4
AGAW6PNXFSTNQNQK2LQNL7BVBGEA,7
AG3YUP75QSZ7DCFJ42JHXEMA357Q,262
AEB6QYQM2PPRSMGT6EYUOLJGOJ6A,24
AEXNN4CTY7SEP6OBKYGLW33QVNFQ,55
AH3KJAYQN5UJCOUEMHJ27E4IBJBA,3
AHWUOI4YZTGVGJQSQCMVRWM6MN6A,2
AES2EMOE2IMYPHWUU2EBRMLF5V7Q,202
AHLM7YABHEHUTGOMULEL6UGQQM2A,10
AH2LOJTE43SNJKLD2L5IYFLQKUAA,16
AEAG5XUAHZKXNWORGFAF6RHETTXQ,6
AGZWKSSLNYBYKUF6IKJ2OUZEBYFQ,81
AHDOAYDHMCIQEN37YBA3XJIRLI7A,84
AHDNUXXPHMHHYKLBKSKG57XXQR3Q,37
AFHGYDSTN33F3IGFB43ULKOXLEBA,17
AHVBTL5XWUVX2SBVMXQ2OSX6Y5CA,28
AFZI2YGLBWIALJNDS2MWSUSOXVYQ,17
AF72HTJLL7ONLAPFCBGVEBYROI6A,37
AHUG32YHKGP5KMPL3YRTGLAI55TQ,3
AFROOASRXPAJGRCS4MI55EXYTFUA,6
AEORNIBUYHUAA4TPSVYKXVD5T6KA,4
AHCPQAYEJFSGCTWFMANHR4IJXAYQ,4
AHL3JF53L7GBG6JK54GBQIWL46SQ,10
AHQXSMO56PETYNKTNZYECY57TECQ,13
AFPVCIGP63V6KIPKJHIZRBVGXTJQ,1482
AFBDTS5ZXMERGRJZJLDZSJ3EL6BQ,38
AFADMA5YSLYWKTZJT254R4VQKHYQ,2
AHKROD4SEUAQCBLZ7JQHUFJHHMRQ,356
AG6FLPW7DZNWPKJ3OVWA5HRK3YUQ,129
AESZSZ566YWVYEAYNO7M54B624PQ,54
AHQESKONESRPZQMCMD5ZHDIQLRGQ,1
AGV3SSNOARRHEBBSSXKVWLA52YQA,7
AGCK6VPPWVNTX2LYZTQ6LUXU3TKQ,457
AHRI7MXJUYDASHXTCNSV3NVTH37Q,15
AEGFLDPT5UTDTNOODLAUWC5UZNXA,433
AHH2IACUSQKY63FQXSZ72GZQ3UQA,120
AGECO6XHA2UINIYAT6GAVCCHPMFA,111
AFG6T2EKNJUUJUO2EJLOXK7O7SZA,3
AFN5XZCS7GWVBXS34GWGMHHA2B2A,31
AG5HAFRKWAYDIRLYCVKI7FIJDF5Q,14
AH3VVVLRILBTYXUSZY5TQZC54CQA,495
AHK7Q5MWLMGVBZXFMNES23JCMNZA,23
AEJCHRIFWAYNFKIJWMGYAJGZ7JPA,179
AEXSSVLDRYVTW6UMLU72EYJHL6AQ,176
AHHLQSPSWKH4KICRB6W5NTI2CRUA,27
AEIWAAOONWVU7MGW6JSF33WK4OZA,96
AGAAEBRMQ2NWQNZPFUQH2K6SLUAA,45
AFSCYWM6RHQS73HUB5BL2RLBLJJQ,25
AFKDSCZS43KDVPDZRIWJE5CMFIFA,108
AFDWEBB3AFU3X5QNJ73EUKJOGILQ,1231
AGNQWHG6KV77I7LIEIPGLXP6JDGQ,136
AEHTSF5ZHJTSMWMDHBH3ADSV3FVA,16
AHA67AY23HJJGMO4DLGXDUIQ3QPQ,19
AGLKS7VMMPLSNP2NANAUOBZBHGJQ,26
AECLTZRA3JWQNOQRT7VTX7FECB2Q,24
AH7FYFJJYCFZALUELNBIJGFJA32A,83
AEU2V4I73VCDIWVTBIH6WBWZSZIQ,29
AETFB7U36YJ2GN2Q3ACNOTGREDXA,5
AF27FIQVQRBIVFTC6HKJ5FXP66FA,3
AEZ3AX3A7FXGPKYDO7LIQDZXOEZA,80
AFS4YFD23H3SZZUBUZYKS3CNKDYQ,112
AGVQSCM4FFBZ2OMGB7DKRHC2PY4Q,9
AH62H7AVLBGXSYUEQI6GTKQP53EA,263
AGWKALDGOUN2RO4M6D5YGZOVVQYA,21
AHMIGRTVO3MBYKSNC73AW4HZNV5Q,13
AFOFHPEADOYSR5GY3MKFDFPUFA3Q,5
AH4CKHQ3BYMTRPP5RYHPOVF6BVHQ,142
AHNDZXFXB2PJE7U5JPLVPMVBMJAQ,22
AFCSPV2WOEUSC4U3ZDSLMLNSE4XQ,11
AGIWRTE7THKGLEPXIDJGLOW6JDQA,1
AEXPEAAD3JFDNDP56JVUWI2EAWPA,82
AEO3EB6WGXKVYOTFN2GDLYCCHJHA,1060
AGVTZVDCGJIQTKKDNSKPXWI2RNVA,47
AFFKURSTZPPQZRTJBLGTIWDHVXKQ,397
AHVXF73J3VXWOVJKTF5D4WVH2EZA,2
AFMNNGWXXHKDIYPK5YI66NEU363A,14
AHDBSB7DRZYDKSQEK5LZ3AT3JTMA,2
AEVFX6NRXITNJ37KJE3UNA42P6VA,16
AE5Q7DASJUIM4TAG6R5GEVSDEPFQ,407
AGA2FHHA7PGR3D6RBVFM7RVWIWFQ,20
AHARETTQPWUUW7T6JX4MHAEAKBXQ,625
AH4Y7LZ4V5CR45ZHPMEO5QCNRUDQ,145
AFCFI4VD4CRGQQZNCJEBW6HOXCMA,857
AFVZYRVX3SGUMOK7JS34RUBWIOVQ,4
AESKFWKZEWAZC7ZZTK6NV7ZO5ICQ,424
AGEBH537C7TGJPDYLLGZKD2TT4UQ,65
AFFWOMR2TLNZJGB5PA2MARXU2AXQ,30
AFFWFSTYKBZB2REIY7LIGC2JPGCA,80
AESWZGOSDDULZ2TWG6GLDEU2X5JA,374
AGDIB62DZVNLZLDQ45UAY5OK4VGA,17
AHROTFJXTMMDF6F5I6QTK5UOCTPA,3
AHWSOCI3YB2JXPX42HGCVWUMARLQ,83
AFPJROIUWJWP4SEE7GG7BDM4E5ZQ,25
AEJMIUZEL5PZ6KIATFPRVPLF652A,100
AEXQ32GUIF5OCUJ4GFJXEH4AXCIQ,129
AELIZKDQBM7W3WTR2DID6Q5Q4OJQ,386
AHCUEYSXCFLQUR62KB74YHVSXQVA,261
AEYCA6ZHU7GXQIMV3JQUGQ4H647Q,2
AHLFQID26LNBLVMUE7DUIC4NMS4A,36
AFSWDSHFUFEZPDJXOJZ5DGY5LOHA,26
AF2DSBRXHOBN23OUBTOEWKRMP4JQ,20
AEOG3GQP2AW5H55QDTUMCSNP7EVA,18
AFOO4Z2VSWHEEUUQTK4XB73CQULQ,16
AGQEOPDLRRHUGN4UAU3TZFQQ6KUQ,197
AF65CA4WVYV6HQI7WQOGR757JHRA,213
AH76OTGFV3C4HHKXRZ7MYTJKBJZA,17
AGZPKLS7EM5GKLQZQW2CPTVTIUMQ,59
AHQ4VAOPWBYUD3FUNK53CM6N77BA,563
AFKO7QSWNHYD7J57D5JCEPOHGIUQ,65
AF4RPJRJYQ2M4O7R4LVOGHLVOKGA,4
AEGAEFX37YPPDMQJLT6XWCITH5QA,32
AGSYWLPDRPAHVHKQ7W722ZFI5BTQ,62
AFDFPJS4KT2RRRCIJ2272BKKIYZQ,4
AEPVIXOSC2KZTMTBSRZSQXZ3THZA,255
AG63LNI2UEA4EUQDNL7KZAKSRBIA,9
AHR4NVRGPOS6GIJ3O4WQ3D4KUKRA,595
AGLFZWMKWLOV3VGPTPNFOPQO3TTA,2610
AGE3EBNASE7TL2WOXRDDRTCNMCLQ,5
AGH4GUP66FUWHCHHVG4QP3RW3B5Q,23
AGQ5ERLI2VUZVYLQV5WYJ5TLGVYA,3298
AEFRE7ZRFVKBKYFORHYE35JWJGIA,32
AER33CCVTBE54RMXZZL6474A7E3Q,21
AH52OJCXLPPBYTJHVOARU2G57TMA,277
AF42DK6YVBPENUUOLGPWBRXBPTRA,82
AET6IA3GY5T53IGZSMFBUQ7JIUPQ,32
AFGGRGHGHSFKMZASFBYFRHBBEOPA,44
AG6VM2IBFQZOOGYYLRTTOA633NEQ,63
AEAFGI2LQNQMKV2H5ECNXAZE55BQ,213
AHXF5V34AWPTE7NRCRXXKYMQ3ILA,8
AHCSXGRPDYZHTTF5NTV5Q4N3OJBQ,22
AHAK4GVGHOQNWKRZXWBXPBR6IH7A,5
AEPLH6236W4PNEJ57IFJVTAKXY6A,32
AEKSKPV33VVA7F5VILXTECSWSFIA,12
AFUKDYFAULTND6VTIFJZYM62BM5Q,363
AGVOYO5W45UWJY4I6MBEPU2GTW2A,648
AH6USNMQ4CHDDH2AZ2ILP6X24XFQ,21
AEJ537CC7V6EQDWUJOLTFBWM4SVA,308
AHNTFF22LTGAUNSLSBEKMULD3UGQ,12
AEUYBLIYQRSGVZMHIRECEK7WL4VQ,41
AFLNID3XWFI4FD6VPBPUTWUWVUJQ,1332
AEIFSPYSPPCWDY5JVFAY63SX4OLA,222
AFLLV3ULYDN5ESYELAGS7726NA5A,42
AEVCI5P2LUQIU6IZZRAEPNNPDWQQ,9
AE7HY4M7PDVNPXZLBAE6J3EFO33Q,405
AFW373BQ7S5JTCI37O2TFDKAAEDQ,810
AFSHXT5PTGDSFW2725SDXIE6ZVEA,127
AGXW4GMCZS36YKWXW6UNNQVIVPDQ,500
AHDPOGX3M4T7UD4CF2LE3JJCSMHQ,12
AHA67Q47N35BIULG2YNU7ZA3YEWQ,415
AHKADS7LVZVUGZWPOYIDMZMNPJRA,398
AEY4RMA6QSQLC3X7J4GYWXYIGJOA,4
AGLL7CPD56HB3XKAZGNJ5IP27FNQ,53
AHMVLFWWQMHQJ2HPIBQKAH7AH7AA,12
AEHTXR5WMKZN4V2CLV6NMWGKFY3A,31
AGA7LFSFZF77AFK7ABKTDI3A6PNQ,312
AFXXHEHPTALPTJASXHRGON4PSZQA,246
AFICZWD2XB5IKMFE6FA5JETYQ7HA,11
AHTUWP3XF5OW4DBTJV5YZWYYUIEQ,15
AHLMY2XQBUH2SIKDCDPQ3MU33BUQ,93
AELCHJO64W7III5PDR7RURIJV5CA,433
AHCMQ3QI7EO36INOBY7WU5S22UUA,270
AHH53Q3XLBEEPK36DLJ5UDEVZM5Q,2844
AGYZPHPK4LI5N4I3JSW27ZRGMKVQ,8
AEIB2O7WUF4VJTWYDGXOV7BHSZQQ,46
AHULTZBUSJ36OLCP5SWG4BFKGCGA,66
AFTJNZQQIBDWS5G42VGGG4XXBRZQ,139
AGZNLGAE4ZLB5XMXIHDT3OWPVYKA,466
AGD6YMYA5ETEBFHNH6B4BFRJ6GXQ,614
AEHO2AXCJYBOPB5L5334WMUFZQHQ,0
AF4AOYV2R5FZXKBEJAGSWUM3TR6A,12
AGTYBPFDCNVSVZRG4ZG46ALOT2NA,10
AH6GY5W5RXTR32324S3CJBISOYYA,108
AGDGXNIOERTKZNPSQA6YPCT34IVA,55
AHQUCLV2I5YLAPFRZI6GT5IUUXPQ,64
AEFKVSX3H7JBJ3AMZXSSRTL5ZKUA,129
AFBLBHZPHEI3LN5WKJGOUACDPJXQ,244
AHK7U5HRFE4HURLNUB647HLS2YTA,168
AGZQWQE3MRDQ4EF73IN67CSS56DA,1
AG2V6UPI2RYXFSR5I7SJGWQBOU3A,243
AFIJDN6LRIHZ2EZWFLBD7E5Y363Q,143
AH36N5HJJQCBDAURJUTFAIB4GRFA,213
AEV7Q27IHW3CU2NGA5NMHVHTLIAQ,124
AHCBHETWEWAL5ZJTZHD4GA36CU3A,69
AHIFUIH7RYVKXMKLVW3IHUGC546Q,32
AEKJQLMPWARYDWN4BQXBCPML2VWQ,67
AGXNNDGBBN7K2RJQQW7UBR347SZA,366
AGFTYQIJNFY42F26BM7YOYMRXLYA,3
AESIZ3ATHVPMZM5NI6ZJOZBH547A,1480
AGH5NYX7BNKOYFILQA7HGMFAG7GQ,8
AFB5L26ZMR3M5IXB3TR7NBTIFEYA,617
AHJC3CKTCCD6TC43YXE3GLDK2HKQ,566
AH3ICCTF4GUQ75BASLIXFJLPXLQA,2258
AERHMUYJ2GTBLQRMQ3HKHULBRK5A,8
AHNUJBT5BPS4GWREUMCOJ4INAZ2A,8
AHUMWKJDDUOXMXSBLG3DPQQVJGSA,583
AFYVHVR6LCPYCBFTIFF5ZVH6GJFQ,3
AGWVHOTCRBGDZYEHHMPARF2DJUJQ,400
AHRFAR3F37OOWUEGSHH4UKZPJ76A,757
AGK7H3EHFCV7SPJTIRNUQEOXRAQQ,14
AHG4TXGYYZTR367TQAJURUNOY25A,32
AGDROBZ76HXDAAUGACHYJULFLOGA,165
AFDYQVO4ZEQBBDY5XT7KYZRSVUQQ,243
AHLNALNUYRT72AKYZ3FPIKBWMYRA,63
AF63TBOZZIG3PWH5KFSI4ZGXS6DA,0
AEK6OD27P45HRTO4NH2CPX6FAVNA,4
AFOULMIHOJCYA6YEITFKFJTX7RZQ,10
AF5EPJQ72CARUQL7L3Q3IFRUNFOA,66
AETFRMKBCLXCOPL4UL5VT6TFQKPQ,8
AED622S44NPD6BJQXYZR7BDOZ5HA,1681
AHNQCHIA27OFKE3SDEHL5HKBTT4Q,105
AGBUCZX7AHZKUVVEYKDWEK3PDHRQ,3
AEWQ4KU73U7GJ5SR7QTYB5TD6KYA,169
AE7WVO2Q2KGEXGYFPPW5W4M4IANQ,122
AEGVUJNWTA7VRHZ247XE76PETOFA,137
AGOZOIPRJR3N3ARUZMQXQ6EWK5EQ,5
AG24OHZQ5HSZ2OEJKGPYGRVK2WDA,654
AGGAHEZ4BP3YDAPSXEBEWFEE73IQ,6
AFQC22EZ6JUWXGWJ5CYUXXOSKWOA,172
AGTZIWYUJSUVBRCUIN2XODUUNQ6A,9
AFBCGF4HTDKGNXZIAEPQVGULQTRA,3
AHLG43CWWE4FB745TXZ3DFD4T6LA,35
AGMFLSM3ACCHRTVIUVOW2AQQWCRQ,107
AG5LYN2BW66DG6VNBN3Y24DX3T5A,9
AGRUSQBANH4JR74Q6ELPUMYKD36A,13
AHR77VDKCBMHIM73K7OXNUSNZGJA,46
AFTVYRVQWCBKRMHJLGTVIR5NHJFQ,38
AEXBMWVGIJEZSZK3PF7ZX4TNXA2Q,354
AGZCTYY6TI2NN655B3LM5Q56LXDQ,413
AFH4ML2AM7ISD6BX7PO5LW4XEKAA,5
AF5VLPKIXX7ODS43IKJYX3SPQE7A,12
AGBOCXGSV2WA4L5HTINSDQDGLUWA,2
AFAULTFII527DYUCSJEAGBITTIMQ,32
AESJBT6XXUDDBALRLOGGHWBJOJSQ,165
AHGSR3KDPWDICZ6AKO5BCKKND5JQ,1
AFQ6XP3C5JKOUHNC3YJ2QA77B7QA,15
AFB2WGQQOZZTB7CQTWZ5KG72ORKQ,227
AGMDZD5WP2A4R7K3QWIFZQJ6HASA,223
AHKKBG2MNHUFGAWPO2PBO4ELAWLA,142
AFZBSTQE56UDNQHYBQPU64EMYEHQ,5
AH2FIRG3J5VXYEG64R4ULYQF4DPQ,16
AHIYHAG57Y3QLK6U3OLGDWCJL6BA,70
AFP6RNFV6BNEMFLZ652ULSDUBGDQ,7
AEXVSLHH2C4OV54J72TOUOJDTW3A,150
AHCU7R3ZFK5U2LYRDXTMFJKZ6PQQ,16
AGC4MXZAOUYCBJI6WK7ZNQJGFSCQ,92
AHAE5JTY26MCSVTMIWV7SEFZSECQ,10
AH4KVHJGTJYPXN4QRGVLSMW5M25Q,7
AE4QELUTQWJIH3G7ZI7ZZ6IUFKKA,9
AFHWQP5TXED42Y5AXQUO3B6IBW4Q,19
AGHJJCXLDNUGBW4JFJDYWQVMRRGQ,22
AGBABHRIPJIMLMFXUUO6IIF2DOAQ,35
AGIS3QL3LUEQWKF3YKHLLWDD5BJA,210
AEL7XM2JKJKPYGR5BTAUKRP44QHA,73
AET3UEAELQYO6MZWDONWWPEOYBTQ,29
AGCAZ6BKF5RN2XFST5J7VQ4WVQGQ,151
AGOWLKKBCTNSL4PZ5GJA42RJP4XQ,1
AHOFNQHMKWRZQRBRYSCN2NFWGEZA,488
AF7G4AGU43VKWFVSHFQS4L72EQ6Q,4328
AGQA5OROYXZAK47HQPYKXVAWIZEQ,40
AHUZIBK7MJN5AM2NV6W3EUCH4LDQ,209
AF25GNLE2ZVNE4EKR3WNEGZELMNQ,152
AEOC7HXH3YIAUXSUPIRXC4RRLCCQ,109
AGDQCJWEQ5D4LRTWNYR4BUG54N7Q,1541
AE5GCABPXRGB5444EGJJKYVNNPTA,146
AFERBXYD7CR2BWLDOA6YGRM4QRXQ,223
AHZTIGQW7ZWYVM7NYLVV5AZHCFZA,29
AGGAEZZTJZWEGLEMKXW5NTNXH7VQ,8
AH2AXQDISWGHYRPOAY5PVPSXMSVQ,85
AG7FFKHH5JVOQDQ5ZW4DNLBHOMIQ,47
AGEQDHPG73YX7F7QLX6DF3LBSZ4A,7
AGY5HQSNTLDTDJRG533ZDFUAHMRQ,566
AELUEADTYKMOVNFJJQ63KLMQLYOQ,1202
AFLST74ZSMWYDCKSZICF4AXZSTMA,36
AFXQI732WG32Y3R4ECBDWCGPCY7Q,26
AH2J7G7FSBWRRZ4LNE4IYNHQ6SVQ,19
AEXRB7SNTXY7WMFBJL4CEWXEJMDA,2
AEYVGV5AXBZZTQM3O7PD7POYXNGQ,369
AGCP26IG5MDKQL4VJXTYQ7MFBCTQ,13
AGKL4PKF3YPC4FMYK3LBOKML6XTQ,29
AEDHMNIIIRIHHXGMZHWIWRJQ3XPQ,5
AHNGPNSMKJFG3BBHV5RQZMPG5HFQ,229
AHWJGIMDAMS4WBLZAGOYMXYDSDLA,195
AFQWHEOT5Z3RRYHQK25EFQE5RVVQ,15
AFE66HHU55NJMALT34HEODVGEPQA,66
AFQVDKAHQF5LVLALFKN5GTMDO37A,1
AFTPWRUMPWMP5FOUL3HXFF4ZZE7A,48
AFGY3QPU4YJ2OYZMK5YISNBC5A2A,59
AFVONP56RLBX43PFSSG3YCXNLKUQ,4
AGDUB7RSFYOVPMYDZAPCEYXVB2CA,90
AE3NMUIQB6CKF7V57TFE2RR5SPDA,4
AGPPUOXVVGKHK35Q5FEGIRZL22PA,34
AGF2ROG2QGDEWU2AEOCBCLNK3N7Q,42
AHP6MWKXZGZCJMDDVUQ7KI5EYLFA,336
AEZMEEIBET6NIWXQH6PLGKOF47MQ,313
AELMNOCMALXR6EZHI4HOIUMSWWSQ,57
AFAFFVRS56MJOJMVXY3IRR4P46HQ,2
AFXTQNKNSJQ7MJ5N3IYTAL3FUYRQ,16
AEAUN4ALCYBXFXDCZHSULVFJTG2A,20
AEU5B4WTY4OLRBQKKTRKXGD6EXWQ,280
AGMGBMIZYWFDCFR3CBSCV22GQHYA,52
AHPUT7OARC7WWJCQ44REAR2GQE3Q,42
AGWTCOXLT5UQ75PKFQG3CMTO4HZA,4
AHHRCVQYJLBS3T2QMN5PEZS4QYNQ,64
AG6Q3VDEULBBEQEKANSWE7GVPEJA,2
AGECYYX7TWFFFFYIJWIZGMGBF5KQ,6
AHO6BUBOSE2LZGBKWB4J2BCMPMIA,13
AHPNEEABM5OSDMOU67FIV5767RUQ,105
AHBKXOMGZRSFPCALQQPPI5VFZB3Q,10
AEGCGUBKQ2ZH5BWK6L4Y5SESHEJA,12
AESMEFOVUX4NQIMYIO3HI37YBKHA,291
AEGGPYK6A3ZX3FUPH2NOCYUVS4KQ,38
AHOQTNGAMBFLWPMSFHU7GMQPAPVQ,237
AGVDN6TYMPIDSKSHRESDYTPX64CQ,26
AEXDQLHXY7VSNND75VZSLMANQDKA,445
AG2EJPIALRKZQWAF3Q4ZNDYTQMWA,91
AHVWXJT7U7PRSM5WZ6MHYPHGRQ7A,191
AEQEP2KJMD6RUSUOYW7QIDUM3FGQ,78
AGBIDLQLC2PNHWZL2GBGFNQQSLEQ,164
AGXA24ILKGDC3YLD6UEO644WO5TQ,416
AEI5OZCRCUKMQDFXRN6VJNNZ6AIA,2
AEAH7TRSQRPKBN7E6KTD2SKI6QJQ,106
AGBJ6OPDABAX7EOUOCSKA6SHLKUQ,260
AGIQUDQ4OBVLP6MZKZKM6334PPWQ,1250
AE524MWGSDYOVUL3GQ3SYIA4GIGQ,49
AHYOA5AZHSVAYMMKM5JGJTCO465A,6
AHJOZSHXSZL6CBG4TL4457E4SZZA,42
AHLEI2COTBM6I54ZBBHXXARKGDEQ,239
AE2B4BTSI2YBXLBPWDPIRBDAXASA,61
AEHWT4V4UW76YSXSKU74AY5ZGL5Q,134
AEZATMA5OTRXAAVH5U7T3RHW7I5A,208
AGQXRXHIEUGJU6KNUPNWMXYBRREA,844
AG3GG3ABEYB2L3B5TNLRJHMAOWYA,1402
AFPR55WPH374GMI56Q47AKFXACJQ,22
AHO4DJZABJPL3HV3N6LQ74I5RU6Q,363
AHWUFSU77V4T53KK7M4FTHURGMEA,815
AGFITSRY2XD4C25USUA6677FCUZQ,26
AEIQWEXDITFFSRXD372ODUVNNBHQ,13
AHFCRPZCM2575OX3RSX3XBH4CHAA,19
AE7MTD2A6YUOFSEKR5J6ETFO2S2Q,98
AFBYNDC3SM3ZDEGUHDZOD3ZTDYSA,3
AGEPE7ULLXNAWYH4VTQMTAI2HCOA,8
AFNRTOQBZEL3MZE5FUDIGEGV7H2Q,244
AEPKRBPJD5SIFIN54QDLL4QDZ6OA,16
AEIB2BHSAOUNWTPMM5D67744AYSA,35
AEJU3Z6HDAERETMYI2CXBQVPPDFA,20
AHKSSCX2V552NVOFSK7SCX2V5OAA,15
AFHLWWOSGHVRKDA47X3BOZZTWCUQ,3
AHWEWAT5OLBWH2RTOAL4NF34SBKQ,9
AHRUV3HZFPZEPRWEMSYMVBAJXFFQ,4128
AHI7AYVTQNYR5E23M6RQ5FWFB4WQ,29
AHS5OQLOPMP2YCRIWK3W6WDJ7BLQ,620
AHIH5FR2JBSLOX22E5ZKOWL3Z6OQ,63
AFJGYMS3NBYF2DMYVKDJNBRBIYIQ,16
AGV2W5HDU3JDLPVV2H5TWEONRKCA,22
AF7TQB5JOJBBPM4MLHJW32SIYRPA,41
AGDX5TRXJ2P5ATH63OHZM5R4STDA,465
AFYK2ERXQYEZB2V5EC4ICWFTMCNQ,95
AGUZIRNJXRWDW42Y6CFVVYV3XLDA,107
AGGCZW6EIVUT2O44TJQIA5VCRZDQ,14
AFRYPSUWNLA3JHPZ2JFJ2UPHICAA,493
AF6ZQCIOWT3IO3E4FF3XBL7RAKGQ,141
AHRUQ33RCVXLWBGWERYKT5FHBRSA,41
AHHWZB3LYCM7JVFUOR5Q6XAQZOBQ,127
AEEM2LUUJX4HZVQCRRS5USSAZWEA,271
AECCEXRYXAFKLBRLXSLG434XB2LQ,13
AFVRFZ3SH3V3LSLV6D76OZOO3K2Q,71
AESSNKHMEMZMEQ74UE42DZS5DZZQ,2
AFQRWI6UOSYT6IQ4KLPCUDQMRFGA,819
AFYB7O3AY4KNFJ466V2KSOQB2ODQ,140
AGNK76DYP5FQ3DKFDWGENTO5KJEA_1,287
AHYB4LI6PRIDXKNRIB4OVUUK6EWQ,1
AFYAPJ5YYFK7NFGXKLZIWNVDRT7Q,20
AF4AQEYKD3IMS3JFNL36VDT3U24Q,20
AHW7WORN557HSWPT23W4XF4QPCFQ,642
AE45RJBXGLQUBAID3X2V4UM2A4OQ,9
AGQDO5ZIBUP6EKH73Y57ZWUT2HCQ,22
AHOZFZUM5U7JIB2LMUEWSVHX7QXA,5
AHAOL5P27IYGX3W5WM37ROVIJJLA,177
AHJPNFZDSQAACCYT5XMAVO7WAFRQ,231
AHQB2ER7UGONG6G7LI5Y4GXNYGBA,18
AHROIP3MOAESZ2GHJ4PWLTXIYBBQ,32
AFV5BKJQYU7GL5XSAXA6BWJ2ET7A,288
AHYOSWORVZFXM5QMRIAW3JTTFFIQ,42
AEYKZFHCDESUL7TLCYLSGAUIXZQA,2
AFF6A22K5G3D26NC72MLKMIQYRDQ,2
AH3V65DBEC4SP2N5DDSE6VNHXD5Q,107
AG7BCC4LWNJ4QMSQHKKUFBWYQGXA,198
AFTJPO5YBDGLYTFEQFYQ3BZ7W6CA,618
AHSPPVUNQCPKJJZCXFSN7JAHW3KQ,50
AHR2ZFJSCTXCMNHFXNV6BVWOLCEA,1608
AGKJAMDDAE6MWZ6SMIMJ7RFE4NUQ,15
AEXAX7XNCSOJXL5LECAWD37KVQIQ,3
AHE2QW3HQFEVOETHNYWQ7R7Z5V2A,744
AGROUFA34ORQG3KLELWMHKMFGO4A,12
AFOYKBIMSNQFTBZJ5UKWK4QFOZDA,587
AFCRXIQ6O2CWG4KW227WSZRGM2GQ,6
AGWJ73N3P5DCU6QZVLDGVX6UALUQ,213
AGT7P4XA4Z2KMIS6RTSBIKSCG3UQ,19
AEFZY4I3OHIUBWLXEALTMIYTOL3Q,137
AHSYQ5UUXSIC6M3OFT65LAL43WNA,13
AGXOODJZKTWTB5VQGMS2YT4WPWMA,33
AHSLDL2ARGTYS6LA2VLXJP2MZOOA,289
AGY5JM4JIEL6RX6X6NLULXZB7DOQ,116
AEZ25HR4EV4O63BP2FRHPW32MEPA,184
AHEAJWGT6DOXD5PI2YEJGX5A6UAQ,265
AG2QBED7S7DP4PTSIA2MX36JXTOA,182
AHJED44JHCW4ATDA2K2MQRWPZQ7A,2476
AGPBA5FMHH6B6WMVCXUOGKNWGMUA,5
AGURQXAO5QNBN42JIDTCNQUYGZUA,65
AE7HVXK5LELWQQIA7AHURFBDKLPA,74
AH4CMX6XQM7DLQ2PZWE5XMFX5GTQ,3116
AEA2USR7KKRMMYCNHJYBSK6XRSJA,7127
AH4JE3MACJFT7QFNZYOR6VWCPRIQ,295
AHOEW2C25ZVXJOLRVTX6VHZERA6Q,42
AEESPFZIAXG6AGZJWKINU2NO6NAQ,1
AHQAWNTSQSEM344GAESU5ADE7LXA,98
AFF2OJLTQ5V2IO5ULM56RCVNEIJQ,113
AGLTKPUHVFHC76PCYAG2LLNYJ67A,112
AFHUBV6CHRGZMMJQSFUID757PXCA,446
AG26ED2F2X5WJTJPWLLY5F2GINTA,47
AE6MG5ZVO4BVU5UKIUVTXRAUTJLA,39
AGUWKGBIQOFLSJXC3FPNFKTBSJ4A,171
AHSS7WPLGYQ37FZTZMLS3LFDXA7Q,92
AEH5374WXML6YIXZROSJADFGZRQA,142
AHKCMPPFJAU5FVMQUK3AO6HKMDLA,31
AFRQ55P6L2MIDRACBDN2LNGMDKLQ,95
AEENRAUNHT3HW75ATTG4NRLB7VNA,22
AGGZCFBSHQOTCKG5G7ZSUEAGE6UA,16
AHAFS3DQFKFXXRDOZOOS7TZQLRGQ,33
AHXXKRH2FZF2SBIPDWITXIEPSYSA,10
AHP7L7T2Y2AEJUFN3EHZGPYB2URA,47
AGN4D6OCCB4TT6QBLRONEBUYZLTA,444
AHITFOCWAY3WJ6TIP5TFHPHHCRAQ,4
AGSZAEXRK35ALCAQA3VMSXWVDWPQ,0
AFMW2B32G5MPE5LKSOMWMKDAJWEQ,5
AERFSIGUZKWIES3W3FRBVUNX4RUA,1046
